Ragnaros,Illestra
Ragnaros,Pitchred
Ragnaros,Lisana
Ragnaros,Zanthalar
Ragnaros,Pinkpanzer
Ragnaros,Sombrero
Ragnaros,Korzara
Ragnaros,Neoblade
Ragnaros,Regmar
Ragnaros,Vedalken
Ragnaros,Doublechin
Ragnaros,Draigo
Ragnaros,Renson
Ragnaros,Kenrith
Ragnaros,Roflmewafles
Ragnaros,Veyl
Ragnaros,Zebidee
Ragnaros,Believe
Ragnaros,Lilswig
Ragnaros,Chubblock
Ragnaros,Wixie
Ragnaros,Matdemon
Ragnaros,Dazeroc
Ragnaros,Rekcots
Ragnaros,Psykhe
Ragnaros,Sugarcrash
Ragnaros,Hoke
Ragnaros,Oleoresin
Ragnaros,Ameon
Ragnaros,Jaxsy
Ragnaros,Silversoul
Ragnaros,Valueadded
Ragnaros,Gengib
Ragnaros,Shannanigans
Ragnaros,Porblas
Ragnaros,Snikdogg
Ragnaros,Khamala
Ragnaros,Elnul
Ragnaros,Coldemort
Majordomo Executus,Khamala
Majordomo Executus,Veyl
Majordomo Executus,Jaxsy
Majordomo Executus,Silversoul
Majordomo Executus,Elnul
Majordomo Executus,Psykhe
Majordomo Executus,Ameon
Majordomo Executus,Lilswig
Majordomo Executus,Gengib
Majordomo Executus,Believe
Majordomo Executus,Roflmewafles
Majordomo Executus,Sugarcrash
Majordomo Executus,Kenrith
Majordomo Executus,Porblas
Majordomo Executus,Wixie
Majordomo Executus,Matdemon
Majordomo Executus,Rekcots
Majordomo Executus,Valueadded
Majordomo Executus,Oleoresin
Majordomo Executus,Shannanigans
Majordomo Executus,Hoke
Majordomo Executus,Doublechin
Majordomo Executus,Zebidee
Majordomo Executus,Coldemort
Majordomo Executus,Chubblock
Majordomo Executus,Dazeroc
Majordomo Executus,Snikdogg
Majordomo Executus,Renson
Majordomo Executus,Draigo
Majordomo Executus,Vedalken
Majordomo Executus,Zanthalar
Majordomo Executus,Pinkpanzer
Majordomo Executus,Illestra
Majordomo Executus,Pitchred
Majordomo Executus,Lisana
Majordomo Executus,Sombrero
Majordomo Executus,Neoblade
Majordomo Executus,Korzara
Majordomo Executus,Regmar
Golemagg the Incinerator,Lilswig
Golemagg the Incinerator,Wixie
Golemagg the Incinerator,Khamala
Golemagg the Incinerator,Rekcots
Golemagg the Incinerator,Jaxsy
Golemagg the Incinerator,Sugarcrash
Golemagg the Incinerator,Psykhe
Golemagg the Incinerator,Veyl
Golemagg the Incinerator,Matdemon
Golemagg the Incinerator,Valueadded
Golemagg the Incinerator,Ameon
Golemagg the Incinerator,Silversoul
Golemagg the Incinerator,Roflmewafles
Golemagg the Incinerator,Chubblock
Golemagg the Incinerator,Coldemort
Golemagg the Incinerator,Porblas
Golemagg the Incinerator,Kenrith
Golemagg the Incinerator,Elnul
Golemagg the Incinerator,Shannanigans
Golemagg the Incinerator,Oleoresin
Golemagg the Incinerator,Zebidee
Golemagg the Incinerator,Believe
Golemagg the Incinerator,Gengib
Golemagg the Incinerator,Dazeroc
Golemagg the Incinerator,Draigo
Golemagg the Incinerator,Doublechin
Golemagg the Incinerator,Snikdogg
Golemagg the Incinerator,Renson
Golemagg the Incinerator,Pitchred
Golemagg the Incinerator,Lisana
Golemagg the Incinerator,Zanthalar
Golemagg the Incinerator,Pinkpanzer
Golemagg the Incinerator,Regmar
Golemagg the Incinerator,Neoblade
Golemagg the Incinerator,Sombrero
Golemagg the Incinerator,Korzara
Golemagg the Incinerator,Illestra
Golemagg the Incinerator,Vedalken
Sulfuron Harbinger,Jaxsy
Sulfuron Harbinger,Lilswig
Sulfuron Harbinger,Khamala
Sulfuron Harbinger,Ameon
Sulfuron Harbinger,Veyl
Sulfuron Harbinger,Wixie
Sulfuron Harbinger,Elnul
Sulfuron Harbinger,Coldemort
Sulfuron Harbinger,Oleoresin
Sulfuron Harbinger,Sugarcrash
Sulfuron Harbinger,Rekcots
Sulfuron Harbinger,Shannanigans
Sulfuron Harbinger,Kenrith
Sulfuron Harbinger,Roflmewafles
Sulfuron Harbinger,Chubblock
Sulfuron Harbinger,Silversoul
Sulfuron Harbinger,Porblas
Sulfuron Harbinger,Believe
Sulfuron Harbinger,Psykhe
Sulfuron Harbinger,Gengib
Sulfuron Harbinger,Matdemon
Sulfuron Harbinger,Valueadded
Sulfuron Harbinger,Doublechin
Sulfuron Harbinger,Dazeroc
Sulfuron Harbinger,Zebidee
Sulfuron Harbinger,Snikdogg
Sulfuron Harbinger,Draigo
Sulfuron Harbinger,Renson
Sulfuron Harbinger,Pitchred
Sulfuron Harbinger,Sombrero
Sulfuron Harbinger,Pinkpanzer
Sulfuron Harbinger,Zanthalar
Sulfuron Harbinger,Korzara
Sulfuron Harbinger,Neoblade
Sulfuron Harbinger,Illestra
Sulfuron Harbinger,Lisana
Sulfuron Harbinger,Regmar
Sulfuron Harbinger,Vedalken
Shazzrah,Veyl
Shazzrah,Elnul
Shazzrah,Oleoresin
Shazzrah,Roflmewafles
Shazzrah,Matdemon
Shazzrah,Jaxsy
Shazzrah,Khamala
Shazzrah,Ameon
Shazzrah,Valueadded
Shazzrah,Renson
Shazzrah,Chubblock
Shazzrah,Porblas
Shazzrah,Coldemort
Shazzrah,Psykhe
Shazzrah,Wixie
Shazzrah,Silversoul
Shazzrah,Gengib
Shazzrah,Doublechin
Shazzrah,Rekcots
Shazzrah,Sugarcrash
Shazzrah,Lilswig
Shazzrah,Shannanigans
Shazzrah,Kenrith
Shazzrah,Dazeroc
Shazzrah,Believe
Shazzrah,Snikdogg
Shazzrah,Zebidee
Shazzrah,Draigo
Shazzrah,Pitchred
Shazzrah,Pinkpanzer
Shazzrah,Zanthalar
Shazzrah,Korzara
Shazzrah,Vedalken
Shazzrah,Sombrero
Shazzrah,Lisana
Shazzrah,Illestra
Shazzrah,Neoblade
Shazzrah,Regmar
Baron Geddon,Pinkpanzer
Baron Geddon,Regmar
Baron Geddon,Sombrero
Baron Geddon,Pitchred
Baron Geddon,Lisana
Baron Geddon,Illestra
Baron Geddon,Neoblade
Baron Geddon,Zanthalar
Baron Geddon,Korzara
Baron Geddon,Vedalken
Baron Geddon,Veyl
Baron Geddon,Lilswig
Baron Geddon,Jaxsy
Baron Geddon,Rekcots
Baron Geddon,Khamala
Baron Geddon,Ameon
Baron Geddon,Sugarcrash
Baron Geddon,Silversoul
Baron Geddon,Elnul
Baron Geddon,Matdemon
Baron Geddon,Oleoresin
Baron Geddon,Chubblock
Baron Geddon,Wixie
Baron Geddon,Gengib
Baron Geddon,Kenrith
Baron Geddon,Coldemort
Baron Geddon,Zebidee
Baron Geddon,Roflmewafles
Baron Geddon,Porblas
Baron Geddon,Valueadded
Baron Geddon,Believe
Baron Geddon,Doublechin
Baron Geddon,Draigo
Baron Geddon,Dazeroc
Baron Geddon,Psykhe
Baron Geddon,Snikdogg
Baron Geddon,Renson
Baron Geddon,Shannanigans
Garr,Jaxsy
Garr,Veyl
Garr,Khamala
Garr,Roflmewafles
Garr,Wixie
Garr,Ameon
Garr,Rekcots
Garr,Coldemort
Garr,Kenrith
Garr,Sugarcrash
Garr,Oleoresin
Garr,Elnul
Garr,Porblas
Garr,Psykhe
Garr,Believe
Garr,Shannanigans
Garr,Gengib
Garr,Valueadded
Garr,Dazeroc
Garr,Silversoul
Garr,Zebidee
Garr,Doublechin
Garr,Snikdogg
Garr,Renson
Garr,Draigo
Garr,Lilswig
Garr,Chubblock
Garr,Pinkpanzer
Garr,Sombrero
Garr,Zanthalar
Garr,Pitchred
Garr,Lisana
Garr,Korzara
Garr,Neoblade
Garr,Regmar
Garr,Illestra
Garr,Vedalken
Gehennas,Jaxsy
Gehennas,Veyl
Gehennas,Oleoresin
Gehennas,Khamala
Gehennas,Silversoul
Gehennas,Elnul
Gehennas,Psykhe
Gehennas,Valueadded
Gehennas,Ameon
Gehennas,Porblas
Gehennas,Gengib
Gehennas,Matdemon
Gehennas,Dazeroc
Gehennas,Roflmewafles
Gehennas,Believe
Gehennas,Shannanigans
Gehennas,Lilswig
Gehennas,Sugarcrash
Gehennas,Chubblock
Gehennas,Wixie
Gehennas,Rekcots
Gehennas,Draigo
Gehennas,Renson
Gehennas,Kenrith
Gehennas,Snikdogg
Gehennas,Doublechin
Gehennas,Coldemort
Gehennas,Zebidee
Gehennas,Pinkpanzer
Gehennas,Pitchred
Gehennas,Sombrero
Gehennas,Zanthalar
Gehennas,Lisana
Gehennas,Illestra
Gehennas,Regmar
Gehennas,Korzara
Gehennas,Vedalken
Gehennas,Neoblade
Magmadar,Khamala
Magmadar,Jaxsy
Magmadar,Silversoul
Magmadar,Veyl
Magmadar,Matdemon
Magmadar,Elnul
Magmadar,Sugarcrash
Magmadar,Rekcots
Magmadar,Kenrith
Magmadar,Valueadded
Magmadar,Lilswig
Magmadar,Chubblock
Magmadar,Ameon
Magmadar,Oleoresin
Magmadar,Wixie
Magmadar,Dazeroc
Magmadar,Doublechin
Magmadar,Coldemort
Magmadar,Psykhe
Magmadar,Gengib
Magmadar,Porblas
Magmadar,Shannanigans
Magmadar,Zebidee
Magmadar,Roflmewafles
Magmadar,Draigo
Magmadar,Snikdogg
Magmadar,Believe
Magmadar,Renson
Magmadar,Sombrero
Magmadar,Pinkpanzer
Magmadar,Pitchred
Magmadar,Zanthalar
Magmadar,Neoblade
Magmadar,Illestra
Magmadar,Lisana
Magmadar,Korzara
Magmadar,Regmar
Lucifron,Silversoul
Lucifron,Khamala
Lucifron,Veyl
Lucifron,Jaxsy
Lucifron,Valueadded
Lucifron,Porblas
Lucifron,Ameon
Lucifron,Believe
Lucifron,Elnul
Lucifron,Rekcots
Lucifron,Oleoresin
Lucifron,Gengib
Lucifron,Dazeroc
Lucifron,Shannanigans
Lucifron,Lilswig
Lucifron,Sugarcrash
Lucifron,Wixie
Lucifron,Psykhe
Lucifron,Roflmewafles
Lucifron,Zebidee
Lucifron,Matdemon
Lucifron,Chubblock
Lucifron,Snikdogg
Lucifron,Doublechin
Lucifron,Renson
Lucifron,Coldemort
Lucifron,Draigo
Lucifron,Sombrero
Lucifron,Zanthalar
Lucifron,Pitchred
Lucifron,Illestra
Lucifron,Korzara
Lucifron,Pinkpanzer
Lucifron,Regmar
Lucifron,Lisana
Lucifron,Neoblade
