log_id,spell_id,spell_name,player,count
1dApmwBHyQ2vcVTF,6262,healthstone,Petrol,12
1dApmwBHyQ2vcVTF,6262,healthstone,Ayriea,7
1dApmwBHyQ2vcVTF,6262,healthstone,Brian,11
1dApmwBHyQ2vcVTF,6262,healthstone,Shadowbaine,6
1dApmwBHyQ2vcVTF,6262,healthstone,Shallowfall,2
1dApmwBHyQ2vcVTF,6262,healthstone,Cagliostro,4
1dApmwBHyQ2vcVTF,6262,healthstone,Radiantldeal,3
1dApmwBHyQ2vcVTF,6262,healthstone,Tawñ,8
1dApmwBHyQ2vcVTF,6262,healthstone,Tinytiki,1
1dApmwBHyQ2vcVTF,6262,healthstone,Psychodruid,7
1dApmwBHyQ2vcVTF,6262,healthstone,Mythrose,8
1dApmwBHyQ2vcVTF,6262,healthstone,Metonymy,4
1dApmwBHyQ2vcVTF,6262,healthstone,Stradivarus,9
1dApmwBHyQ2vcVTF,6262,healthstone,Daffy,8
1MJK9vG4qAkzWBbg,6262,healthstone,Vaelyra,1
1MJK9vG4qAkzWBbg,6262,healthstone,Kamer,1
1MJK9vG4qAkzWBbg,6262,healthstone,Metonymy,1
1MJK9vG4qAkzWBbg,6262,healthstone,Mythrose,1
1MJK9vG4qAkzWBbg,6262,healthstone,Shallowfall,1
1MJK9vG4qAkzWBbg,6262,healthstone,Thebadlock,1
1MJK9vG4qAkzWBbg,6262,healthstone,Znoch,1
1q8V234wXDhrRakC,6262,healthstone,Mythrose,1
1q8V234wXDhrRakC,6262,healthstone,Shadowbaine,1
1q8V234wXDhrRakC,6262,healthstone,Stradivarus,1
1q8V234wXDhrRakC,6262,healthstone,Au,6
1q8V234wXDhrRakC,6262,healthstone,Yoked,1
1q8V234wXDhrRakC,6262,healthstone,Humanraptor,2
1q8V234wXDhrRakC,6262,healthstone,Acturus,3
1q8V234wXDhrRakC,6262,healthstone,Divanance,3
1q8V234wXDhrRakC,6262,healthstone,Cagliostro,1
1q8V234wXDhrRakC,6262,healthstone,Delacram,5
1q8V234wXDhrRakC,6262,healthstone,Petrol,1
1q8V234wXDhrRakC,6262,healthstone,Oakinon,1
1q8V234wXDhrRakC,6262,healthstone,Evayne,1
1q8V234wXDhrRakC,6262,healthstone,Pulsè,1
1q8V234wXDhrRakC,6262,healthstone,Future,1
1q8V234wXDhrRakC,6262,healthstone,Ayriea,1
1q8V234wXDhrRakC,6262,healthstone,Èllipses,1
1q8V234wXDhrRakC,6262,healthstone,Duvao,1
1q8V234wXDhrRakC,6262,healthstone,Resta,3
1rVkmpa86TYCB9wL,6262,healthstone,Vaelyra,1
1rVkmpa86TYCB9wL,6262,healthstone,Daffy,7
1rVkmpa86TYCB9wL,6262,healthstone,Petrol,4
1rVkmpa86TYCB9wL,6262,healthstone,Shadowbaine,8
1rVkmpa86TYCB9wL,6262,healthstone,Velryssa,1
1rVkmpa86TYCB9wL,6262,healthstone,Shallowfall,2
1rVkmpa86TYCB9wL,6262,healthstone,Stradivarus,6
1rVkmpa86TYCB9wL,6262,healthstone,Divanance,2
1rVkmpa86TYCB9wL,6262,healthstone,Cagliostro,5
1rVkmpa86TYCB9wL,6262,healthstone,Radiantldeal,4
1rVkmpa86TYCB9wL,6262,healthstone,Metonymy,6
1rVkmpa86TYCB9wL,6262,healthstone,Brian,9
1rVkmpa86TYCB9wL,6262,healthstone,Ayriea,1
1rVkmpa86TYCB9wL,6262,healthstone,Tawñ,9
1rVkmpa86TYCB9wL,6262,healthstone,Mythrose,10
1VNCD6KjrLg2wFGY,6262,healthstone,Brian,4
1VNCD6KjrLg2wFGY,6262,healthstone,Au,6
1VNCD6KjrLg2wFGY,6262,healthstone,Earrl,1
1VNCD6KjrLg2wFGY,6262,healthstone,Stradivarus,3
1VNCD6KjrLg2wFGY,6262,healthstone,Pulsè,3
1VNCD6KjrLg2wFGY,6262,healthstone,Shallowfall,4
1VNCD6KjrLg2wFGY,6262,healthstone,Èllipses,3
1VNCD6KjrLg2wFGY,6262,healthstone,Future,2
1VNCD6KjrLg2wFGY,6262,healthstone,Psychodruid,1
1VNCD6KjrLg2wFGY,6262,healthstone,Ayriea,2
1VNCD6KjrLg2wFGY,6262,healthstone,Metonymy,1
1VNCD6KjrLg2wFGY,6262,healthstone,Mythrose,3
1VNCD6KjrLg2wFGY,6262,healthstone,Cagliostro,1
26gRPafVjHzvLQFN,6262,healthstone,Au,5
26gRPafVjHzvLQFN,6262,healthstone,Future,5
26gRPafVjHzvLQFN,6262,healthstone,Divanance,1
2c6whdrGDkKHP7Nv,6262,healthstone,Vaelyra,3
2c6whdrGDkKHP7Nv,6262,healthstone,Velryssa,2
2c6whdrGDkKHP7Nv,6262,healthstone,Mythrose,4
2c6whdrGDkKHP7Nv,6262,healthstone,Kamer,1
2c6whdrGDkKHP7Nv,6262,healthstone,Metonymy,2
2c6whdrGDkKHP7Nv,6262,healthstone,Radiantldeal,1
2c6whdrGDkKHP7Nv,6262,healthstone,Znoch,6
2c6whdrGDkKHP7Nv,6262,healthstone,Ayriea,3
2c6whdrGDkKHP7Nv,6262,healthstone,Shallowfall,3
2c6whdrGDkKHP7Nv,6262,healthstone,Shadowbaine,6
2c6whdrGDkKHP7Nv,6262,healthstone,Psychodruid,1
2c6whdrGDkKHP7Nv,6262,healthstone,Kyarrix,2
2c6whdrGDkKHP7Nv,6262,healthstone,Cagliostro,4
2c6whdrGDkKHP7Nv,6262,healthstone,Au,9
2c6whdrGDkKHP7Nv,6262,healthstone,Brian,7
2cVBtJTgC1KLn7Am,6262,healthstone,Mythrose,10
2cVBtJTgC1KLn7Am,6262,healthstone,Divanance,3
2cVBtJTgC1KLn7Am,6262,healthstone,Shaami,2
2cVBtJTgC1KLn7Am,6262,healthstone,Eleint,8
2cVBtJTgC1KLn7Am,6262,healthstone,Velsummers,9
2cVBtJTgC1KLn7Am,6262,healthstone,Shallowfall,8
2cVBtJTgC1KLn7Am,6262,healthstone,Tawñ,6
2cVBtJTgC1KLn7Am,6262,healthstone,Cagliostro,8
2cVBtJTgC1KLn7Am,6262,healthstone,Psychodruid,4
2cVBtJTgC1KLn7Am,6262,healthstone,Brian,13
2cVBtJTgC1KLn7Am,6262,healthstone,Shadowbaine,4
2cVBtJTgC1KLn7Am,6262,healthstone,Velryssa,1
2cVBtJTgC1KLn7Am,6262,healthstone,Radiantldeal,5
2cVBtJTgC1KLn7Am,6262,healthstone,Illestra,3
2cVBtJTgC1KLn7Am,6262,healthstone,Acturus,3
2cVBtJTgC1KLn7Am,6262,healthstone,Ayriea,9
2cVBtJTgC1KLn7Am,6262,healthstone,Petrol,1
2Vkpd7QhzTrCbqBg,6262,healthstone,Znoch,8
2Vkpd7QhzTrCbqBg,6262,healthstone,Vaelyra,1
2Vkpd7QhzTrCbqBg,6262,healthstone,Ayriea,7
2Vkpd7QhzTrCbqBg,6262,healthstone,Shallowfall,2
2Vkpd7QhzTrCbqBg,6262,healthstone,Petrol,1
2Vkpd7QhzTrCbqBg,6262,healthstone,Kamer,6
2Vkpd7QhzTrCbqBg,6262,healthstone,Au,6
2Vkpd7QhzTrCbqBg,6262,healthstone,Brian,9
2Vkpd7QhzTrCbqBg,6262,healthstone,Èllipses,2
2Vkpd7QhzTrCbqBg,6262,healthstone,Mythrose,3
2Vkpd7QhzTrCbqBg,6262,healthstone,Metonymy,6
2Vkpd7QhzTrCbqBg,6262,healthstone,Psychodruid,1
2Vkpd7QhzTrCbqBg,6262,healthstone,Cagliostro,6
2Vkpd7QhzTrCbqBg,6262,healthstone,Radiantldeal,1
4AP62tL1NzjfFWd7,6262,healthstone,Psychodruid,1
4AP62tL1NzjfFWd7,6262,healthstone,Brianmurican,1
4AP62tL1NzjfFWd7,6262,healthstone,Mythrose,1
4AP62tL1NzjfFWd7,6262,healthstone,Cagliostro,3
4AP62tL1NzjfFWd7,6262,healthstone,Shadowbaine,1
4AP62tL1NzjfFWd7,6262,healthstone,Au,4
4AP62tL1NzjfFWd7,6262,healthstone,Kamer,3
6f7xWYP9JLdz4XjB,6262,healthstone,Metonymy,1
6f7xWYP9JLdz4XjB,6262,healthstone,Mythrose,3
6f7xWYP9JLdz4XjB,6262,healthstone,Brianmurican,6
6f7xWYP9JLdz4XjB,6262,healthstone,Radiantldeal,7
6f7xWYP9JLdz4XjB,6262,healthstone,Psychodruid,5
6f7xWYP9JLdz4XjB,6262,healthstone,Au,10
6f7xWYP9JLdz4XjB,6262,healthstone,Thebadlock,3
6f7xWYP9JLdz4XjB,6262,healthstone,Earrl,1
6f7xWYP9JLdz4XjB,6262,healthstone,Googboog,3
6f7xWYP9JLdz4XjB,6262,healthstone,Ayriea,6
6f7xWYP9JLdz4XjB,6262,healthstone,Elzam,8
6f7xWYP9JLdz4XjB,6262,healthstone,Znoch,8
6VHgbZBGmwRWjp4Q,6262,healthstone,Stradivarus,3
6VHgbZBGmwRWjp4Q,6262,healthstone,Brian,7
6VHgbZBGmwRWjp4Q,6262,healthstone,Cagliostro,2
6VHgbZBGmwRWjp4Q,6262,healthstone,Daffy,6
6VHgbZBGmwRWjp4Q,6262,healthstone,Shallowfall,2
6VHgbZBGmwRWjp4Q,6262,healthstone,Psychodruid,1
6VHgbZBGmwRWjp4Q,6262,healthstone,Ayriea,2
6VHgbZBGmwRWjp4Q,6262,healthstone,Kamer,4
6VHgbZBGmwRWjp4Q,6262,healthstone,Au,3
6VHgbZBGmwRWjp4Q,6262,healthstone,Petrol,3
6VHgbZBGmwRWjp4Q,6262,healthstone,Èllipses,5
6VHgbZBGmwRWjp4Q,6262,healthstone,Metonymy,3
6VHgbZBGmwRWjp4Q,6262,healthstone,Mythrose,2
6VHgbZBGmwRWjp4Q,6262,healthstone,Shadowbaine,1
7H6FtpVr9c4xaW8L,6262,healthstone,Ayriea,2
7H6FtpVr9c4xaW8L,6262,healthstone,Psychodruid,3
7H6FtpVr9c4xaW8L,6262,healthstone,Cagliostro,8
7H6FtpVr9c4xaW8L,6262,healthstone,Stradivarus,10
7H6FtpVr9c4xaW8L,6262,healthstone,Earrl,6
7H6FtpVr9c4xaW8L,6262,healthstone,Mythrose,4
7H6FtpVr9c4xaW8L,6262,healthstone,Acturus,1
7H6FtpVr9c4xaW8L,6262,healthstone,Èllipses,3
7H6FtpVr9c4xaW8L,6262,healthstone,Metonymy,2
7H6FtpVr9c4xaW8L,6262,healthstone,Vaelyra,4
7H6FtpVr9c4xaW8L,6262,healthstone,Au,10
7H6FtpVr9c4xaW8L,6262,healthstone,Brian,5
7H6FtpVr9c4xaW8L,6262,healthstone,Radiantldeal,4
7H6FtpVr9c4xaW8L,6262,healthstone,Shadowbaine,6
7H6FtpVr9c4xaW8L,6262,healthstone,Verle,6
7H6FtpVr9c4xaW8L,6262,healthstone,Velryssa,1
7H6FtpVr9c4xaW8L,6262,healthstone,Shallowfall,9
82BfPKG7bpAjqLzh,6262,healthstone,Earrl,1
82BfPKG7bpAjqLzh,6262,healthstone,Googboog,4
82BfPKG7bpAjqLzh,6262,healthstone,Au,6
82BfPKG7bpAjqLzh,6262,healthstone,Metonymy,1
82BfPKG7bpAjqLzh,6262,healthstone,Znoch,3
82BfPKG7bpAjqLzh,6262,healthstone,Radiantldeal,2
82BfPKG7bpAjqLzh,6262,healthstone,Mythrose,4
82BfPKG7bpAjqLzh,6262,healthstone,Thebadlock,4
82BfPKG7bpAjqLzh,6262,healthstone,Vaelyra,1
82BfPKG7bpAjqLzh,6262,healthstone,Cagliostro,4
82BfPKG7bpAjqLzh,6262,healthstone,Brianmurican,2
82BfPKG7bpAjqLzh,6262,healthstone,Ayriea,2
82BfPKG7bpAjqLzh,6262,healthstone,Psychodruid,3
8QYh3aAXpgPLjydJ,6262,healthstone,Shaami,3
8QYh3aAXpgPLjydJ,6262,healthstone,Acturus,5
8QYh3aAXpgPLjydJ,6262,healthstone,Shallowfall,15
8QYh3aAXpgPLjydJ,6262,healthstone,Vaelyra,1
8QYh3aAXpgPLjydJ,6262,healthstone,Divanance,3
8QYh3aAXpgPLjydJ,6262,healthstone,Shadowbaine,11
8QYh3aAXpgPLjydJ,6262,healthstone,Eleint,11
8QYh3aAXpgPLjydJ,6262,healthstone,Radiantldeal,2
8QYh3aAXpgPLjydJ,6262,healthstone,Tawñ,11
8QYh3aAXpgPLjydJ,6262,healthstone,Mythrose,8
8QYh3aAXpgPLjydJ,6262,healthstone,Cagliostro,12
8QYh3aAXpgPLjydJ,6262,healthstone,Metonymy,4
8QYh3aAXpgPLjydJ,6262,healthstone,Velsummers,17
8QYh3aAXpgPLjydJ,6262,healthstone,Psychodruid,8
8QYh3aAXpgPLjydJ,6262,healthstone,Illestra,9
8QYh3aAXpgPLjydJ,6262,healthstone,Brian,18
8QYh3aAXpgPLjydJ,6262,healthstone,Ayriea,7
8QYh3aAXpgPLjydJ,6262,healthstone,Earrl,6
8QYh3aAXpgPLjydJ,6262,healthstone,Petrol,6
8QYh3aAXpgPLjydJ,6262,healthstone,Kamer,8
96FwjyP38bYTkmDf,6262,healthstone,Thebadlock,1
96FwjyP38bYTkmDf,6262,healthstone,Znoch,2
96FwjyP38bYTkmDf,6262,healthstone,Elzam,2
96FwjyP38bYTkmDf,6262,healthstone,Brianmurican,1
96FwjyP38bYTkmDf,6262,healthstone,Kamer,1
9kMHLbPGKNFn6dJ3,6262,healthstone,Znoch,3
9kMHLbPGKNFn6dJ3,6262,healthstone,Petrol,1
9kMHLbPGKNFn6dJ3,6262,healthstone,Cinzia,1
9kMHLbPGKNFn6dJ3,6262,healthstone,Brianmurican,3
9kMHLbPGKNFn6dJ3,6262,healthstone,Mythrose,4
9kMHLbPGKNFn6dJ3,6262,healthstone,Vaelyra,1
9kMHLbPGKNFn6dJ3,6262,healthstone,Metonymy,1
9kMHLbPGKNFn6dJ3,6262,healthstone,Kamer,3
9kMHLbPGKNFn6dJ3,6262,healthstone,Radiantldeal,3
9kMHLbPGKNFn6dJ3,6262,healthstone,Shadowbaine,1
9kMHLbPGKNFn6dJ3,6262,healthstone,Elzam,3
9MwfRvrtgmq38V4c,6262,healthstone,Daffy,14
9MwfRvrtgmq38V4c,6262,healthstone,Earrl,1
9MwfRvrtgmq38V4c,6262,healthstone,Ayriea,4
9MwfRvrtgmq38V4c,6262,healthstone,Kamer,8
9MwfRvrtgmq38V4c,6262,healthstone,Cagliostro,4
9MwfRvrtgmq38V4c,6262,healthstone,Shallowfall,2
9MwfRvrtgmq38V4c,6262,healthstone,Tawñ,8
9MwfRvrtgmq38V4c,6262,healthstone,Shadowbaine,4
9MwfRvrtgmq38V4c,6262,healthstone,Metonymy,2
9MwfRvrtgmq38V4c,6262,healthstone,Velryssa,2
9MwfRvrtgmq38V4c,6262,healthstone,Mythrose,8
9MwfRvrtgmq38V4c,6262,healthstone,Petrol,3
9MwfRvrtgmq38V4c,6262,healthstone,Stradivarus,11
9MwfRvrtgmq38V4c,6262,healthstone,Radiantldeal,10
9MwfRvrtgmq38V4c,6262,healthstone,Brian,9
9MwfRvrtgmq38V4c,6262,healthstone,Psychodruid,2
9rzLcb8w6CWJAgfn,6262,healthstone,Tawñ,2
9rzLcb8w6CWJAgfn,6262,healthstone,Stradivarus,4
9rzLcb8w6CWJAgfn,6262,healthstone,Kamer,5
9rzLcb8w6CWJAgfn,6262,healthstone,Mythrose,3
9rzLcb8w6CWJAgfn,6262,healthstone,Petrol,2
9rzLcb8w6CWJAgfn,6262,healthstone,Metonymy,1
9rzLcb8w6CWJAgfn,6262,healthstone,Radiantldeal,1
9rzLcb8w6CWJAgfn,6262,healthstone,Brian,3
9rzLcb8w6CWJAgfn,6262,healthstone,Cagliostro,1
9rzLcb8w6CWJAgfn,6262,healthstone,Illestra,5
9rzLcb8w6CWJAgfn,6262,healthstone,Psychodruid,4
9rzLcb8w6CWJAgfn,6262,healthstone,Velsummers,3
9rzLcb8w6CWJAgfn,6262,healthstone,Ayriea,3
9rzLcb8w6CWJAgfn,6262,healthstone,Shadowbaine,2
A3JdRnmp4P9YVvZ1,6262,healthstone,Shadowbaine,3
A3JdRnmp4P9YVvZ1,6262,healthstone,Vaelyra,4
A3JdRnmp4P9YVvZ1,6262,healthstone,Radiantldeal,2
A3JdRnmp4P9YVvZ1,6262,healthstone,Googboog,7
A3JdRnmp4P9YVvZ1,6262,healthstone,Ayriea,5
A3JdRnmp4P9YVvZ1,6262,healthstone,Mythrose,2
A3JdRnmp4P9YVvZ1,6262,healthstone,Thebadlock,2
A3JdRnmp4P9YVvZ1,6262,healthstone,Brianmurican,7
A3JdRnmp4P9YVvZ1,6262,healthstone,Cinzia,3
A3JdRnmp4P9YVvZ1,6262,healthstone,Kamer,6
A3JdRnmp4P9YVvZ1,6262,healthstone,Petrol,1
A3JdRnmp4P9YVvZ1,6262,healthstone,Elzam,7
A3JdRnmp4P9YVvZ1,6262,healthstone,Illestra,3
A3JdRnmp4P9YVvZ1,6262,healthstone,Au,3
A3JdRnmp4P9YVvZ1,6262,healthstone,Znoch,7
A3JdRnmp4P9YVvZ1,6262,healthstone,Shallowfall,4
A3JdRnmp4P9YVvZ1,6262,healthstone,Metonymy,2
a7Pqm1ZvfWhVY4Hn,6262,healthstone,Metonymy,3
a7Pqm1ZvfWhVY4Hn,6262,healthstone,Cagliostro,4
a7Pqm1ZvfWhVY4Hn,6262,healthstone,Future,13
a7Pqm1ZvfWhVY4Hn,6262,healthstone,Shallowfall,6
a7Pqm1ZvfWhVY4Hn,6262,healthstone,Radiantldeal,1
a7Pqm1ZvfWhVY4Hn,6262,healthstone,Earrl,1
a7Pqm1ZvfWhVY4Hn,6262,healthstone,Vaelyra,1
a7Pqm1ZvfWhVY4Hn,6262,healthstone,Pulsè,4
a7Pqm1ZvfWhVY4Hn,6262,healthstone,Brian,8
a7Pqm1ZvfWhVY4Hn,6262,healthstone,Divanance,4
a7Pqm1ZvfWhVY4Hn,6262,healthstone,Stradivarus,9
a7Pqm1ZvfWhVY4Hn,6262,healthstone,Shadowbaine,9
a7Pqm1ZvfWhVY4Hn,6262,healthstone,Mythrose,5
a7Pqm1ZvfWhVY4Hn,6262,healthstone,Au,9
a7Pqm1ZvfWhVY4Hn,6262,healthstone,Psychodruid,5
a7Pqm1ZvfWhVY4Hn,6262,healthstone,Daffy,7
a7Pqm1ZvfWhVY4Hn,6262,healthstone,Velryssa,2
a7Pqm1ZvfWhVY4Hn,6262,healthstone,Petrol,3
a7Pqm1ZvfWhVY4Hn,6262,healthstone,Undertakerop,5
a7Pqm1ZvfWhVY4Hn,6262,healthstone,Illestra,1
a7Pqm1ZvfWhVY4Hn,6262,healthstone,Ayriea,9
AhPtzwGQm9Mg8rTa,6262,healthstone,Metonymy,2
AhPtzwGQm9Mg8rTa,6262,healthstone,Radiantldeal,2
AhPtzwGQm9Mg8rTa,6262,healthstone,Googboog,5
AhPtzwGQm9Mg8rTa,6262,healthstone,Thebadlock,6
AhPtzwGQm9Mg8rTa,6262,healthstone,Cinzia,2
AhPtzwGQm9Mg8rTa,6262,healthstone,Brianmurican,6
AhPtzwGQm9Mg8rTa,6262,healthstone,Earrl,1
AhPtzwGQm9Mg8rTa,6262,healthstone,Ayriea,2
AhPtzwGQm9Mg8rTa,6262,healthstone,Shallowfall,3
AhPtzwGQm9Mg8rTa,6262,healthstone,Au,6
AhPtzwGQm9Mg8rTa,6262,healthstone,Znoch,4
AhPtzwGQm9Mg8rTa,6262,healthstone,Mythrose,3
AhPtzwGQm9Mg8rTa,6262,healthstone,Cagliostro,2
AhPtzwGQm9Mg8rTa,6262,healthstone,Shadowbaine,1
AhPtzwGQm9Mg8rTa,6262,healthstone,Psychodruid,1
aw1md6gP9RyGDX3z,6262,healthstone,Elzam,9
aw1md6gP9RyGDX3z,6262,healthstone,Googboog,6
aw1md6gP9RyGDX3z,6262,healthstone,Vaelyra,4
aw1md6gP9RyGDX3z,6262,healthstone,Ayriea,5
aw1md6gP9RyGDX3z,6262,healthstone,Thebadlock,6
aw1md6gP9RyGDX3z,6262,healthstone,Znoch,4
aw1md6gP9RyGDX3z,6262,healthstone,Shadowbaine,4
aw1md6gP9RyGDX3z,6262,healthstone,Metonymy,3
aw1md6gP9RyGDX3z,6262,healthstone,Cinzia,5
aw1md6gP9RyGDX3z,6262,healthstone,Radiantldeal,7
aw1md6gP9RyGDX3z,6262,healthstone,Petrol,1
aw1md6gP9RyGDX3z,6262,healthstone,Psychodruid,6
aw1md6gP9RyGDX3z,6262,healthstone,Brianmurican,12
aw1md6gP9RyGDX3z,6262,healthstone,Kamer,13
aw1md6gP9RyGDX3z,6262,healthstone,Mythrose,11
aw1md6gP9RyGDX3z,6262,healthstone,Earrl,2
aw1md6gP9RyGDX3z,6262,healthstone,Shallowfall,6
b2Y4XRNw8ahjrPpW,6262,healthstone,Shallowfall,8
b2Y4XRNw8ahjrPpW,6262,healthstone,Cagliostro,4
b2Y4XRNw8ahjrPpW,6262,healthstone,Brian,13
b2Y4XRNw8ahjrPpW,6262,healthstone,Tawñ,3
b2Y4XRNw8ahjrPpW,6262,healthstone,Shadowbaine,3
b2Y4XRNw8ahjrPpW,6262,healthstone,Tinytiki,1
b2Y4XRNw8ahjrPpW,6262,healthstone,Radiantldeal,9
b2Y4XRNw8ahjrPpW,6262,healthstone,Ayriea,9
b2Y4XRNw8ahjrPpW,6262,healthstone,Daffy,5
b2Y4XRNw8ahjrPpW,6262,healthstone,Psychodruid,3
b2Y4XRNw8ahjrPpW,6262,healthstone,Vaelyra,2
b2Y4XRNw8ahjrPpW,6262,healthstone,Petrol,7
b2Y4XRNw8ahjrPpW,6262,healthstone,Metonymy,3
b2Y4XRNw8ahjrPpW,6262,healthstone,Mythrose,10
b2Y4XRNw8ahjrPpW,6262,healthstone,Illestra,1
b2Y4XRNw8ahjrPpW,6262,healthstone,Stradivarus,16
b2Y4XRNw8ahjrPpW,6262,healthstone,Velryssa,2
bM9Cy3afr2XHBNp1,6262,healthstone,Mythrose,4
bM9Cy3afr2XHBNp1,6262,healthstone,Metonymy,1
bM9Cy3afr2XHBNp1,6262,healthstone,Cagliostro,4
bM9Cy3afr2XHBNp1,6262,healthstone,Au,8
bM9Cy3afr2XHBNp1,6262,healthstone,Brian,5
bM9Cy3afr2XHBNp1,6262,healthstone,Divanance,3
bM9Cy3afr2XHBNp1,6262,healthstone,Stradivarus,3
bM9Cy3afr2XHBNp1,6262,healthstone,Ayriea,1
bM9Cy3afr2XHBNp1,6262,healthstone,Earrl,1
bM9Cy3afr2XHBNp1,6262,healthstone,Daffy,4
bnCyMRDdKLaVrcJN,6262,healthstone,Psychodruid,2
bnCyMRDdKLaVrcJN,6262,healthstone,Ayriea,6
bnCyMRDdKLaVrcJN,6262,healthstone,Shadowbaine,4
bnCyMRDdKLaVrcJN,6262,healthstone,Petrol,5
bnCyMRDdKLaVrcJN,6262,healthstone,Brian,9
bnCyMRDdKLaVrcJN,6262,healthstone,Tawñ,9
bnCyMRDdKLaVrcJN,6262,healthstone,Shallowfall,3
bnCyMRDdKLaVrcJN,6262,healthstone,Stradivarus,12
bnCyMRDdKLaVrcJN,6262,healthstone,Daffy,8
bnCyMRDdKLaVrcJN,6262,healthstone,Radiantldeal,7
bnCyMRDdKLaVrcJN,6262,healthstone,Velryssa,1
bnCyMRDdKLaVrcJN,6262,healthstone,Metonymy,3
bnCyMRDdKLaVrcJN,6262,healthstone,Cagliostro,4
bnCyMRDdKLaVrcJN,6262,healthstone,Vaelyra,1
bnCyMRDdKLaVrcJN,6262,healthstone,Earrl,1
bnCyMRDdKLaVrcJN,6262,healthstone,Mythrose,11
Bqr8ZpYX6AV2cynW,6262,healthstone,Shadowbaine,10
Bqr8ZpYX6AV2cynW,6262,healthstone,Earrl,2
Bqr8ZpYX6AV2cynW,6262,healthstone,Ayriea,4
Bqr8ZpYX6AV2cynW,6262,healthstone,Psychodruid,6
Bqr8ZpYX6AV2cynW,6262,healthstone,Velsummers,5
Bqr8ZpYX6AV2cynW,6262,healthstone,Tawñ,6
Bqr8ZpYX6AV2cynW,6262,healthstone,Illestra,14
Bqr8ZpYX6AV2cynW,6262,healthstone,Mythrose,14
Bqr8ZpYX6AV2cynW,6262,healthstone,Eleint,11
Bqr8ZpYX6AV2cynW,6262,healthstone,Acturus,7
Bqr8ZpYX6AV2cynW,6262,healthstone,Divanance,2
Bqr8ZpYX6AV2cynW,6262,healthstone,Cagliostro,9
Bqr8ZpYX6AV2cynW,6262,healthstone,Radiantldeal,8
Bqr8ZpYX6AV2cynW,6262,healthstone,Metonymy,8
Bqr8ZpYX6AV2cynW,6262,healthstone,Petrol,5
Bqr8ZpYX6AV2cynW,6262,healthstone,Velryssa,3
Bqr8ZpYX6AV2cynW,6262,healthstone,Shaami,4
Bqr8ZpYX6AV2cynW,6262,healthstone,Brian,19
bvV2YFyrRQdpJ6xf,6262,healthstone,Pulsè,4
bvV2YFyrRQdpJ6xf,6262,healthstone,Future,3
bvV2YFyrRQdpJ6xf,6262,healthstone,Vaelyra,3
bvV2YFyrRQdpJ6xf,6262,healthstone,Mythrose,5
bvV2YFyrRQdpJ6xf,6262,healthstone,Petrol,2
bvV2YFyrRQdpJ6xf,6262,healthstone,Brian,4
bvV2YFyrRQdpJ6xf,6262,healthstone,Kyarrix,2
bvV2YFyrRQdpJ6xf,6262,healthstone,Earrl,2
bvV2YFyrRQdpJ6xf,6262,healthstone,Cagliostro,1
bvV2YFyrRQdpJ6xf,6262,healthstone,Acturus,1
bvV2YFyrRQdpJ6xf,6262,healthstone,Tinytiki,3
bvV2YFyrRQdpJ6xf,6262,healthstone,Psychodruid,1
bvV2YFyrRQdpJ6xf,6262,healthstone,Ayriea,1
bvV2YFyrRQdpJ6xf,6262,healthstone,Èllipses,1
bvV2YFyrRQdpJ6xf,6262,healthstone,Shadowbaine,5
bvV2YFyrRQdpJ6xf,6262,healthstone,Au,21
bvV2YFyrRQdpJ6xf,6262,healthstone,Metonymy,2
c1ZavyhdWfMAk6NH,6262,healthstone,Shadowbaine,1
c1ZavyhdWfMAk6NH,6262,healthstone,Cagliostro,3
c1ZavyhdWfMAk6NH,6262,healthstone,Radiantldeal,4
c1ZavyhdWfMAk6NH,6262,healthstone,Metonymy,2
c1ZavyhdWfMAk6NH,6262,healthstone,Brian,7
c1ZavyhdWfMAk6NH,6262,healthstone,Ayriea,5
c1ZavyhdWfMAk6NH,6262,healthstone,Au,7
c1ZavyhdWfMAk6NH,6262,healthstone,Èllipses,6
c1ZavyhdWfMAk6NH,6262,healthstone,Kamer,7
c1ZavyhdWfMAk6NH,6262,healthstone,Znoch,5
c1ZavyhdWfMAk6NH,6262,healthstone,Bryiah,1
c1ZavyhdWfMAk6NH,6262,healthstone,Acturus,1
c1ZavyhdWfMAk6NH,6262,healthstone,Kyarrix,1
c1ZavyhdWfMAk6NH,6262,healthstone,Shallowfall,6
C8VnGm3qW9Ldzwvg,6262,healthstone,Stradivarus,15
C8VnGm3qW9Ldzwvg,6262,healthstone,Metonymy,3
C8VnGm3qW9Ldzwvg,6262,healthstone,Shadowbaine,4
C8VnGm3qW9Ldzwvg,6262,healthstone,Vaelyra,1
C8VnGm3qW9Ldzwvg,6262,healthstone,Shaami,2
C8VnGm3qW9Ldzwvg,6262,healthstone,Tawñ,12
C8VnGm3qW9Ldzwvg,6262,healthstone,Earrl,2
C8VnGm3qW9Ldzwvg,6262,healthstone,Shallowfall,11
C8VnGm3qW9Ldzwvg,6262,healthstone,Divanance,3
C8VnGm3qW9Ldzwvg,6262,healthstone,Demonhoney,1
C8VnGm3qW9Ldzwvg,6262,healthstone,Petrol,2
C8VnGm3qW9Ldzwvg,6262,healthstone,Illestra,6
C8VnGm3qW9Ldzwvg,6262,healthstone,Cagliostro,9
C8VnGm3qW9Ldzwvg,6262,healthstone,Brian,12
C8VnGm3qW9Ldzwvg,6262,healthstone,Radiantldeal,7
C8VnGm3qW9Ldzwvg,6262,healthstone,Psychodruid,6
C8VnGm3qW9Ldzwvg,6262,healthstone,Ayriea,7
C8VnGm3qW9Ldzwvg,6262,healthstone,Mythrose,12
C8VnGm3qW9Ldzwvg,6262,healthstone,Eleint,9
C8VnGm3qW9Ldzwvg,6262,healthstone,Acturus,5
Cf129KrpDWPXT7xz,6262,healthstone,Brian,10
Cf129KrpDWPXT7xz,6262,healthstone,Mythrose,15
Cf129KrpDWPXT7xz,6262,healthstone,Psychodruid,3
Cf129KrpDWPXT7xz,6262,healthstone,Shadowbaine,7
Cf129KrpDWPXT7xz,6262,healthstone,Vaelyra,1
Cf129KrpDWPXT7xz,6262,healthstone,Radiantldeal,12
Cf129KrpDWPXT7xz,6262,healthstone,Cagliostro,5
Cf129KrpDWPXT7xz,6262,healthstone,Petrol,6
Cf129KrpDWPXT7xz,6262,healthstone,Ayriea,9
Cf129KrpDWPXT7xz,6262,healthstone,Metonymy,2
Cf129KrpDWPXT7xz,6262,healthstone,Velryssa,2
Cf129KrpDWPXT7xz,6262,healthstone,Illestra,17
Cf129KrpDWPXT7xz,6262,healthstone,Tawñ,7
Cf129KrpDWPXT7xz,6262,healthstone,Shallowfall,7
Cf129KrpDWPXT7xz,6262,healthstone,Kamer,6
Cf129KrpDWPXT7xz,6262,healthstone,Velsummers,12
Cf129KrpDWPXT7xz,6262,healthstone,Acturus,20
cNbjQKh89RxWVPDp,6262,healthstone,Cagliostro,8
cNbjQKh89RxWVPDp,6262,healthstone,Ayriea,6
cNbjQKh89RxWVPDp,6262,healthstone,Illestra,10
cNbjQKh89RxWVPDp,6262,healthstone,Eleint,14
cNbjQKh89RxWVPDp,6262,healthstone,Stradivarus,14
cNbjQKh89RxWVPDp,6262,healthstone,Shaami,5
cNbjQKh89RxWVPDp,6262,healthstone,Divanance,4
cNbjQKh89RxWVPDp,6262,healthstone,Mythrose,9
cNbjQKh89RxWVPDp,6262,healthstone,Psychodruid,12
cNbjQKh89RxWVPDp,6262,healthstone,Vaelyra,1
cNbjQKh89RxWVPDp,6262,healthstone,Shadowbaine,4
cNbjQKh89RxWVPDp,6262,healthstone,Acturus,5
cNbjQKh89RxWVPDp,6262,healthstone,Brian,16
cNbjQKh89RxWVPDp,6262,healthstone,Metonymy,2
cNbjQKh89RxWVPDp,6262,healthstone,Shallowfall,13
cNbjQKh89RxWVPDp,6262,healthstone,Petrol,6
cNbjQKh89RxWVPDp,6262,healthstone,Radiantldeal,10
cNbjQKh89RxWVPDp,6262,healthstone,Tawñ,11
cNbjQKh89RxWVPDp,6262,healthstone,Velryssa,1
cR4g7wGY2z9VWbxH,6262,healthstone,Acturus,11
cR4g7wGY2z9VWbxH,6262,healthstone,Divanance,3
cR4g7wGY2z9VWbxH,6262,healthstone,Radiantldeal,10
cR4g7wGY2z9VWbxH,6262,healthstone,Shaami,2
cR4g7wGY2z9VWbxH,6262,healthstone,Tawñ,8
cR4g7wGY2z9VWbxH,6262,healthstone,Velsummers,15
cR4g7wGY2z9VWbxH,6262,healthstone,Earrl,5
cR4g7wGY2z9VWbxH,6262,healthstone,Mythrose,15
cR4g7wGY2z9VWbxH,6262,healthstone,Brian,13
cR4g7wGY2z9VWbxH,6262,healthstone,Shadowbaine,7
cR4g7wGY2z9VWbxH,6262,healthstone,Psychodruid,14
cR4g7wGY2z9VWbxH,6262,healthstone,Cagliostro,14
cR4g7wGY2z9VWbxH,6262,healthstone,Metonymy,8
cR4g7wGY2z9VWbxH,6262,healthstone,Petrol,12
cR4g7wGY2z9VWbxH,6262,healthstone,Stradivarus,14
cR4g7wGY2z9VWbxH,6262,healthstone,Ayriea,9
cR4g7wGY2z9VWbxH,6262,healthstone,Velryssa,3
cR4g7wGY2z9VWbxH,6262,healthstone,Illestra,17
D9C8nRv1F4tQdkrB,6262,healthstone,Brian,1
D9C8nRv1F4tQdkrB,6262,healthstone,Èllipses,1
D9C8nRv1F4tQdkrB,6262,healthstone,Metonymy,5
D9C8nRv1F4tQdkrB,6262,healthstone,Znoch,5
D9C8nRv1F4tQdkrB,6262,healthstone,Shallowfall,3
D9C8nRv1F4tQdkrB,6262,healthstone,Ayriea,1
dCfjAPayM69GJ4Tw,6262,healthstone,Mythrose,5
dCfjAPayM69GJ4Tw,6262,healthstone,Googboog,3
dCfjAPayM69GJ4Tw,6262,healthstone,Psychodruid,5
dCfjAPayM69GJ4Tw,6262,healthstone,Thebadlock,10
dCfjAPayM69GJ4Tw,6262,healthstone,Vaelyra,6
dCfjAPayM69GJ4Tw,6262,healthstone,Earrl,5
dCfjAPayM69GJ4Tw,6262,healthstone,Shadowbaine,8
dCfjAPayM69GJ4Tw,6262,healthstone,Metonymy,3
dCfjAPayM69GJ4Tw,6262,healthstone,Ayriea,6
dCfjAPayM69GJ4Tw,6262,healthstone,Brianmurican,9
dCfjAPayM69GJ4Tw,6262,healthstone,Znoch,9
dCfjAPayM69GJ4Tw,6262,healthstone,Radiantldeal,7
dCfjAPayM69GJ4Tw,6262,healthstone,Petrol,1
dCfjAPayM69GJ4Tw,6262,healthstone,Kamer,7
dCfjAPayM69GJ4Tw,6262,healthstone,Cagliostro,8
dCfjAPayM69GJ4Tw,6262,healthstone,Shallowfall,9
dtYqK8B9zpDfnwHN,6262,healthstone,Vaelyra,1
dtYqK8B9zpDfnwHN,6262,healthstone,Au,3
dtYqK8B9zpDfnwHN,6262,healthstone,Cagliostro,1
dtYqK8B9zpDfnwHN,6262,healthstone,Ayriea,1
dtYqK8B9zpDfnwHN,6262,healthstone,Èllipses,1
dtYqK8B9zpDfnwHN,6262,healthstone,Mythrose,1
dtYqK8B9zpDfnwHN,6262,healthstone,Brian,1
Dx6GBHKydjCXFRVQ,6262,healthstone,Kamer,8
Dx6GBHKydjCXFRVQ,6262,healthstone,Vaelyra,7
Dx6GBHKydjCXFRVQ,6262,healthstone,Mythrose,5
Dx6GBHKydjCXFRVQ,6262,healthstone,Velryssa,1
Dx6GBHKydjCXFRVQ,6262,healthstone,Brian,6
Dx6GBHKydjCXFRVQ,6262,healthstone,Metonymy,2
Dx6GBHKydjCXFRVQ,6262,healthstone,Shallowfall,5
Dx6GBHKydjCXFRVQ,6262,healthstone,Cagliostro,6
Dx6GBHKydjCXFRVQ,6262,healthstone,Psychodruid,5
Dx6GBHKydjCXFRVQ,6262,healthstone,Shadowbaine,5
Dx6GBHKydjCXFRVQ,6262,healthstone,Au,2
Dx6GBHKydjCXFRVQ,6262,healthstone,Thebadlock,9
Dx6GBHKydjCXFRVQ,6262,healthstone,Ayriea,4
Dx6GBHKydjCXFRVQ,6262,healthstone,Radiantldeal,4
dZfYj6ynTA21WDxa,6262,healthstone,Vaelyra,1
dZfYj6ynTA21WDxa,6262,healthstone,Shadowbaine,5
dZfYj6ynTA21WDxa,6262,healthstone,Znoch,5
dZfYj6ynTA21WDxa,6262,healthstone,Cagliostro,4
dZfYj6ynTA21WDxa,6262,healthstone,Kamer,4
dZfYj6ynTA21WDxa,6262,healthstone,Èllipses,3
dZfYj6ynTA21WDxa,6262,healthstone,Psychodruid,1
dZfYj6ynTA21WDxa,6262,healthstone,Brian,3
dZfYj6ynTA21WDxa,6262,healthstone,Cinzia,3
dZfYj6ynTA21WDxa,6262,healthstone,Metonymy,3
dZfYj6ynTA21WDxa,6262,healthstone,Ayriea,2
dZfYj6ynTA21WDxa,6262,healthstone,Mythrose,4
dZfYj6ynTA21WDxa,6262,healthstone,Au,5
fKVA7k6QLMmF2yH4,6262,healthstone,Daffy,7
fKVA7k6QLMmF2yH4,6262,healthstone,Stradivarus,7
fKVA7k6QLMmF2yH4,6262,healthstone,Ayriea,8
fKVA7k6QLMmF2yH4,6262,healthstone,Au,17
fKVA7k6QLMmF2yH4,6262,healthstone,Future,5
fKVA7k6QLMmF2yH4,6262,healthstone,Petrol,3
fKVA7k6QLMmF2yH4,6262,healthstone,Shallowfall,7
fKVA7k6QLMmF2yH4,6262,healthstone,Pulsè,4
fKVA7k6QLMmF2yH4,6262,healthstone,Tinytiki,1
fKVA7k6QLMmF2yH4,6262,healthstone,Mythrose,12
fKVA7k6QLMmF2yH4,6262,healthstone,Cagliostro,2
fKVA7k6QLMmF2yH4,6262,healthstone,Divanance,4
fKVA7k6QLMmF2yH4,6262,healthstone,Brian,12
fKVA7k6QLMmF2yH4,6262,healthstone,Metonymy,2
G9vYdBzb4NAwgarK,6262,healthstone,Ayriea,4
G9vYdBzb4NAwgarK,6262,healthstone,Au,3
G9vYdBzb4NAwgarK,6262,healthstone,Metonymy,4
G9vYdBzb4NAwgarK,6262,healthstone,Kyarrix,2
G9vYdBzb4NAwgarK,6262,healthstone,Petrol,1
G9vYdBzb4NAwgarK,6262,healthstone,Shadowbaine,7
G9vYdBzb4NAwgarK,6262,healthstone,Shallowfall,3
G9vYdBzb4NAwgarK,6262,healthstone,Radiantldeal,4
G9vYdBzb4NAwgarK,6262,healthstone,Cagliostro,4
G9vYdBzb4NAwgarK,6262,healthstone,Znoch,5
G9vYdBzb4NAwgarK,6262,healthstone,Psychodruid,5
G9vYdBzb4NAwgarK,6262,healthstone,Velryssa,1
G9vYdBzb4NAwgarK,6262,healthstone,Vaelyra,3
G9vYdBzb4NAwgarK,6262,healthstone,Mythrose,3
G9vYdBzb4NAwgarK,6262,healthstone,Èllipses,2
G9vYdBzb4NAwgarK,6262,healthstone,Divanance,1
G9vYdBzb4NAwgarK,6262,healthstone,Brian,5
gbTRy3GhdN9CY46r,6262,healthstone,Znoch,10
gbTRy3GhdN9CY46r,6262,healthstone,Vaelyra,2
gbTRy3GhdN9CY46r,6262,healthstone,Metonymy,3
gbTRy3GhdN9CY46r,6262,healthstone,Brianmurican,9
gbTRy3GhdN9CY46r,6262,healthstone,Au,3
gbTRy3GhdN9CY46r,6262,healthstone,Ayriea,3
gbTRy3GhdN9CY46r,6262,healthstone,Kamer,1
gbTRy3GhdN9CY46r,6262,healthstone,Psychodruid,4
gbTRy3GhdN9CY46r,6262,healthstone,Radiantldeal,1
gbTRy3GhdN9CY46r,6262,healthstone,Cinzia,3
gbTRy3GhdN9CY46r,6262,healthstone,Illestra,1
gbTRy3GhdN9CY46r,6262,healthstone,Cagliostro,7
gbTRy3GhdN9CY46r,6262,healthstone,Mythrose,7
gbTRy3GhdN9CY46r,6262,healthstone,Shallowfall,1
gbTRy3GhdN9CY46r,6262,healthstone,Googboog,5
gLZFQjRCMHA3f4ar,6262,healthstone,Brian,3
gLZFQjRCMHA3f4ar,6262,healthstone,Metonymy,3
gLZFQjRCMHA3f4ar,6262,healthstone,Au,6
gLZFQjRCMHA3f4ar,6262,healthstone,Mythrose,1
gLZFQjRCMHA3f4ar,6262,healthstone,Èllipses,2
gLZFQjRCMHA3f4ar,6262,healthstone,Radiantldeal,1
gLZFQjRCMHA3f4ar,6262,healthstone,Ayriea,3
gLZFQjRCMHA3f4ar,6262,healthstone,Cagliostro,1
gLZFQjRCMHA3f4ar,6262,healthstone,Shallowfall,5
gLZFQjRCMHA3f4ar,6262,healthstone,Future,5
gRGrmCZQ21whMcPA,6262,healthstone,Kamer,7
gRGrmCZQ21whMcPA,6262,healthstone,Metonymy,4
gRGrmCZQ21whMcPA,6262,healthstone,Psychodruid,6
gRGrmCZQ21whMcPA,6262,healthstone,Brianmurican,10
gRGrmCZQ21whMcPA,6262,healthstone,Au,2
gRGrmCZQ21whMcPA,6262,healthstone,Googboog,9
gRGrmCZQ21whMcPA,6262,healthstone,Cagliostro,11
gRGrmCZQ21whMcPA,6262,healthstone,Ayriea,3
gRGrmCZQ21whMcPA,6262,healthstone,Earrl,3
gRGrmCZQ21whMcPA,6262,healthstone,Radiantldeal,4
gRGrmCZQ21whMcPA,6262,healthstone,Thebadlock,8
gRGrmCZQ21whMcPA,6262,healthstone,Mythrose,5
gRGrmCZQ21whMcPA,6262,healthstone,Vaelyra,1
gRGrmCZQ21whMcPA,6262,healthstone,Shallowfall,7
gRGrmCZQ21whMcPA,6262,healthstone,Znoch,11
gRGrmCZQ21whMcPA,6262,healthstone,Shadowbaine,5
hcxWNVw3t98KYB1Z,6262,healthstone,Èllipses,2
hcxWNVw3t98KYB1Z,6262,healthstone,Psychodruid,2
hcxWNVw3t98KYB1Z,6262,healthstone,Kyarrix,2
hcxWNVw3t98KYB1Z,6262,healthstone,Shadowbaine,4
hcxWNVw3t98KYB1Z,6262,healthstone,Mythrose,1
hcxWNVw3t98KYB1Z,6262,healthstone,Earrl,1
hcxWNVw3t98KYB1Z,6262,healthstone,Divanance,3
hcxWNVw3t98KYB1Z,6262,healthstone,Stradivarus,6
hcxWNVw3t98KYB1Z,6262,healthstone,Brian,1
hcxWNVw3t98KYB1Z,6262,healthstone,Shallowfall,3
hcxWNVw3t98KYB1Z,6262,healthstone,Future,5
hcxWNVw3t98KYB1Z,6262,healthstone,Vaelyra,1
hcxWNVw3t98KYB1Z,6262,healthstone,Ayriea,3
hcxWNVw3t98KYB1Z,6262,healthstone,Cagliostro,4
hcxWNVw3t98KYB1Z,6262,healthstone,Pulsè,6
hDTjXr8H3FqtNLk1,6262,healthstone,Vaelyra,1
hDTjXr8H3FqtNLk1,6262,healthstone,Brian,5
hDTjXr8H3FqtNLk1,6262,healthstone,Kyarrix,3
hDTjXr8H3FqtNLk1,6262,healthstone,Psychodruid,1
hDTjXr8H3FqtNLk1,6262,healthstone,Acturus,1
hDTjXr8H3FqtNLk1,6262,healthstone,Shadowbaine,3
hDTjXr8H3FqtNLk1,6262,healthstone,Kamer,2
hDTjXr8H3FqtNLk1,6262,healthstone,Znoch,8
hDTjXr8H3FqtNLk1,6262,healthstone,Metonymy,3
hDTjXr8H3FqtNLk1,6262,healthstone,Èllipses,2
hDTjXr8H3FqtNLk1,6262,healthstone,Au,3
hDTjXr8H3FqtNLk1,6262,healthstone,Cagliostro,5
hDTjXr8H3FqtNLk1,6262,healthstone,Mythrose,6
hDTjXr8H3FqtNLk1,6262,healthstone,Radiantldeal,2
JF9vgMzHCG43627X,6262,healthstone,Au,3
JF9vgMzHCG43627X,6262,healthstone,Èllipses,1
JF9vgMzHCG43627X,6262,healthstone,Stradivarus,1
JF9vgMzHCG43627X,6262,healthstone,Future,1
jLawcr3MKX4k12dC,6262,healthstone,Acturus,6
jLawcr3MKX4k12dC,6262,healthstone,Ayriea,4
jLawcr3MKX4k12dC,6262,healthstone,Kamer,4
jLawcr3MKX4k12dC,6262,healthstone,Cagliostro,9
jLawcr3MKX4k12dC,6262,healthstone,Cinzia,4
jLawcr3MKX4k12dC,6262,healthstone,Brianmurican,8
jLawcr3MKX4k12dC,6262,healthstone,Shadowbaine,5
jLawcr3MKX4k12dC,6262,healthstone,Mythrose,2
jLawcr3MKX4k12dC,6262,healthstone,Znoch,9
jLawcr3MKX4k12dC,6262,healthstone,Metonymy,2
jLawcr3MKX4k12dC,6262,healthstone,Au,10
jLawcr3MKX4k12dC,6262,healthstone,Googboog,11
jLawcr3MKX4k12dC,6262,healthstone,Radiantldeal,2
jLawcr3MKX4k12dC,6262,healthstone,Shallowfall,6
jpfhGwvVXcTtqkKM,6262,healthstone,Psychodruid,3
jpfhGwvVXcTtqkKM,6262,healthstone,Kyarrix,3
jpfhGwvVXcTtqkKM,6262,healthstone,Future,4
jpfhGwvVXcTtqkKM,6262,healthstone,Shallowfall,8
jpfhGwvVXcTtqkKM,6262,healthstone,Cagliostro,3
jpfhGwvVXcTtqkKM,6262,healthstone,Tinytiki,2
jpfhGwvVXcTtqkKM,6262,healthstone,Èllipses,2
jpfhGwvVXcTtqkKM,6262,healthstone,Mythrose,2
jpfhGwvVXcTtqkKM,6262,healthstone,Brian,8
jpfhGwvVXcTtqkKM,6262,healthstone,Au,13
jpfhGwvVXcTtqkKM,6262,healthstone,Shadowbaine,3
jpfhGwvVXcTtqkKM,6262,healthstone,Radiantldeal,2
jpfhGwvVXcTtqkKM,6262,healthstone,Pulsè,2
jpfhGwvVXcTtqkKM,6262,healthstone,Petrol,1
jpfhGwvVXcTtqkKM,6262,healthstone,Ayriea,3
JXDHBYyPtvxWrhLp,6262,healthstone,Kamer,4
JXDHBYyPtvxWrhLp,6262,healthstone,Znoch,6
JXDHBYyPtvxWrhLp,6262,healthstone,Thebadlock,4
JXDHBYyPtvxWrhLp,6262,healthstone,Ayriea,5
JXDHBYyPtvxWrhLp,6262,healthstone,Shallowfall,4
JXDHBYyPtvxWrhLp,6262,healthstone,Brianmurican,5
JXDHBYyPtvxWrhLp,6262,healthstone,Vaelyra,4
JXDHBYyPtvxWrhLp,6262,healthstone,Metonymy,4
JXDHBYyPtvxWrhLp,6262,healthstone,Cagliostro,3
JXDHBYyPtvxWrhLp,6262,healthstone,Petrol,1
JXDHBYyPtvxWrhLp,6262,healthstone,Earrl,2
JXDHBYyPtvxWrhLp,6262,healthstone,Googboog,7
JXDHBYyPtvxWrhLp,6262,healthstone,Psychodruid,4
JXLwKGarqfT2mvMP,6262,healthstone,Au,1
JXLwKGarqfT2mvMP,6262,healthstone,Ayriea,2
JXLwKGarqfT2mvMP,6262,healthstone,Cagliostro,4
JXLwKGarqfT2mvMP,6262,healthstone,Metonymy,6
JXLwKGarqfT2mvMP,6262,healthstone,Earrl,1
JXLwKGarqfT2mvMP,6262,healthstone,Cinzia,2
JXLwKGarqfT2mvMP,6262,healthstone,Brianmurican,5
JXLwKGarqfT2mvMP,6262,healthstone,Vaelyra,2
JXLwKGarqfT2mvMP,6262,healthstone,Googboog,6
JXLwKGarqfT2mvMP,6262,healthstone,Shadowbaine,3
JXLwKGarqfT2mvMP,6262,healthstone,Mythrose,2
JXLwKGarqfT2mvMP,6262,healthstone,Kamer,5
JXLwKGarqfT2mvMP,6262,healthstone,Znoch,6
JXLwKGarqfT2mvMP,6262,healthstone,Acturus,1
JXLwKGarqfT2mvMP,6262,healthstone,Radiantldeal,1
JXLwKGarqfT2mvMP,6262,healthstone,Psychodruid,6
K4zJxrtGHL8vP9ap,6262,healthstone,Acturus,4
K4zJxrtGHL8vP9ap,6262,healthstone,Shadowbaine,4
K4zJxrtGHL8vP9ap,6262,healthstone,Pulsè,3
K4zJxrtGHL8vP9ap,6262,healthstone,Vaelyra,2
K4zJxrtGHL8vP9ap,6262,healthstone,Shallowfall,6
K4zJxrtGHL8vP9ap,6262,healthstone,Metonymy,2
K4zJxrtGHL8vP9ap,6262,healthstone,Earrl,2
K4zJxrtGHL8vP9ap,6262,healthstone,Au,7
K4zJxrtGHL8vP9ap,6262,healthstone,Mythrose,5
K4zJxrtGHL8vP9ap,6262,healthstone,Cagliostro,1
K4zJxrtGHL8vP9ap,6262,healthstone,Tinytiki,2
K4zJxrtGHL8vP9ap,6262,healthstone,Brian,7
K4zJxrtGHL8vP9ap,6262,healthstone,Divanance,2
K4zJxrtGHL8vP9ap,6262,healthstone,Psychodruid,2
K4zJxrtGHL8vP9ap,6262,healthstone,Daffy,4
K4zJxrtGHL8vP9ap,6262,healthstone,Velryssa,3
K4zJxrtGHL8vP9ap,6262,healthstone,Ayriea,4
K4zJxrtGHL8vP9ap,6262,healthstone,Future,6
kL7rz9c3RaAtNPGx,6262,healthstone,Mythrose,5
kL7rz9c3RaAtNPGx,6262,healthstone,Shadowbaine,1
kL7rz9c3RaAtNPGx,6262,healthstone,Cagliostro,2
kL7rz9c3RaAtNPGx,6262,healthstone,Stradivarus,3
kL7rz9c3RaAtNPGx,6262,healthstone,Psychodruid,2
kL7rz9c3RaAtNPGx,6262,healthstone,Ayriea,5
kL7rz9c3RaAtNPGx,6262,healthstone,Pulsè,5
kL7rz9c3RaAtNPGx,6262,healthstone,Future,3
kL7rz9c3RaAtNPGx,6262,healthstone,Shallowfall,4
kL7rz9c3RaAtNPGx,6262,healthstone,Au,10
kL7rz9c3RaAtNPGx,6262,healthstone,Brian,8
kL7rz9c3RaAtNPGx,6262,healthstone,Radiantldeal,1
kL7rz9c3RaAtNPGx,6262,healthstone,Divanance,1
kmq1ZFzBdDPNHjaK,6262,healthstone,Daffy,10
kmq1ZFzBdDPNHjaK,6262,healthstone,Shallowfall,4
kmq1ZFzBdDPNHjaK,6262,healthstone,Tawñ,6
kmq1ZFzBdDPNHjaK,6262,healthstone,Stradivarus,8
kmq1ZFzBdDPNHjaK,6262,healthstone,Petrol,4
kmq1ZFzBdDPNHjaK,6262,healthstone,Cagliostro,8
kmq1ZFzBdDPNHjaK,6262,healthstone,Earrl,2
kmq1ZFzBdDPNHjaK,6262,healthstone,Tinytiki,2
kmq1ZFzBdDPNHjaK,6262,healthstone,Mythrose,12
kmq1ZFzBdDPNHjaK,6262,healthstone,Metonymy,2
kmq1ZFzBdDPNHjaK,6262,healthstone,Vaelyra,1
kmq1ZFzBdDPNHjaK,6262,healthstone,Psychodruid,1
kmq1ZFzBdDPNHjaK,6262,healthstone,Brian,9
kmq1ZFzBdDPNHjaK,6262,healthstone,Shadowbaine,5
kmq1ZFzBdDPNHjaK,6262,healthstone,Ayriea,4
KtCGWjYTqL918FxZ,6262,healthstone,Metonymy,1
KtCGWjYTqL918FxZ,6262,healthstone,Velryssa,1
KtCGWjYTqL918FxZ,6262,healthstone,Petrol,1
KtCGWjYTqL918FxZ,6262,healthstone,Divanance,2
KtCGWjYTqL918FxZ,6262,healthstone,Shadowbaine,1
KtCGWjYTqL918FxZ,6262,healthstone,Future,4
KtCGWjYTqL918FxZ,6262,healthstone,Illestra,1
KtCGWjYTqL918FxZ,6262,healthstone,Psychodruid,1
KtCGWjYTqL918FxZ,6262,healthstone,Stradivarus,5
KtCGWjYTqL918FxZ,6262,healthstone,Ayriea,2
KtCGWjYTqL918FxZ,6262,healthstone,Èllipses,3
KtCGWjYTqL918FxZ,6262,healthstone,Vaelyra,1
KtCGWjYTqL918FxZ,6262,healthstone,Cagliostro,2
KtCGWjYTqL918FxZ,6262,healthstone,Mythrose,8
KtCGWjYTqL918FxZ,6262,healthstone,Pulsè,5
KtCGWjYTqL918FxZ,6262,healthstone,Brian,2
KtCGWjYTqL918FxZ,6262,healthstone,Au,6
KYgw1VQbv2jczA7f,6262,healthstone,Ayriea,1
KYgw1VQbv2jczA7f,6262,healthstone,Au,2
KYgw1VQbv2jczA7f,6262,healthstone,Èllipses,1
KYgw1VQbv2jczA7f,6262,healthstone,Shallowfall,1
KYgw1VQbv2jczA7f,6262,healthstone,Radiantldeal,1
KYgw1VQbv2jczA7f,6262,healthstone,Cagliostro,2
L7jvDPHA2zF1TQc6,6262,healthstone,Mythrose,3
L7jvDPHA2zF1TQc6,6262,healthstone,Earrl,1
L7jvDPHA2zF1TQc6,6262,healthstone,Metonymy,1
L7jvDPHA2zF1TQc6,6262,healthstone,Shallowfall,4
L7jvDPHA2zF1TQc6,6262,healthstone,Radiantldeal,1
L7jvDPHA2zF1TQc6,6262,healthstone,Pulsè,1
L7jvDPHA2zF1TQc6,6262,healthstone,Stradivarus,6
L7jvDPHA2zF1TQc6,6262,healthstone,Au,8
L7jvDPHA2zF1TQc6,6262,healthstone,Vaelyra,1
L7jvDPHA2zF1TQc6,6262,healthstone,Brian,5
L7jvDPHA2zF1TQc6,6262,healthstone,Èllipses,3
L7jvDPHA2zF1TQc6,6262,healthstone,Future,4
L7jvDPHA2zF1TQc6,6262,healthstone,Ayriea,1
L7jvDPHA2zF1TQc6,6262,healthstone,Cagliostro,2
M1gC8Lr2HvyTjDpF,6262,healthstone,Acturus,12
M1gC8Lr2HvyTjDpF,6262,healthstone,Shadowbaine,5
M1gC8Lr2HvyTjDpF,6262,healthstone,Tawñ,6
M1gC8Lr2HvyTjDpF,6262,healthstone,Cagliostro,6
M1gC8Lr2HvyTjDpF,6262,healthstone,Velsummers,9
M1gC8Lr2HvyTjDpF,6262,healthstone,Petrol,6
M1gC8Lr2HvyTjDpF,6262,healthstone,Metonymy,3
M1gC8Lr2HvyTjDpF,6262,healthstone,Divanance,1
M1gC8Lr2HvyTjDpF,6262,healthstone,Brian,13
M1gC8Lr2HvyTjDpF,6262,healthstone,Vaelyra,1
M1gC8Lr2HvyTjDpF,6262,healthstone,Shallowfall,1
M1gC8Lr2HvyTjDpF,6262,healthstone,Stradivarus,7
M1gC8Lr2HvyTjDpF,6262,healthstone,Kamer,9
M1gC8Lr2HvyTjDpF,6262,healthstone,Illestra,15
M1gC8Lr2HvyTjDpF,6262,healthstone,Mythrose,7
M1gC8Lr2HvyTjDpF,6262,healthstone,Psychodruid,8
M1gC8Lr2HvyTjDpF,6262,healthstone,Earrl,2
mLRnbfNQ2MT74391,6262,healthstone,Ayriea,3
mLRnbfNQ2MT74391,6262,healthstone,Mythrose,1
mLRnbfNQ2MT74391,6262,healthstone,Znoch,3
mLRnbfNQ2MT74391,6262,healthstone,Illestra,2
mLRnbfNQ2MT74391,6262,healthstone,Au,6
mLRnbfNQ2MT74391,6262,healthstone,Psychodruid,1
mLRnbfNQ2MT74391,6262,healthstone,Googboog,3
mLRnbfNQ2MT74391,6262,healthstone,Metonymy,3
mLRnbfNQ2MT74391,6262,healthstone,Vaelyra,3
mLRnbfNQ2MT74391,6262,healthstone,Elzam,4
mLRnbfNQ2MT74391,6262,healthstone,Brianmurican,2
mLRnbfNQ2MT74391,6262,healthstone,Cinzia,1
mLRnbfNQ2MT74391,6262,healthstone,Radiantldeal,2
MzDx9yd6jJC2cLq4,6262,healthstone,Èllipses,5
MzDx9yd6jJC2cLq4,6262,healthstone,Tinytiki,1
MzDx9yd6jJC2cLq4,6262,healthstone,Au,9
MzDx9yd6jJC2cLq4,6262,healthstone,Future,2
MzDx9yd6jJC2cLq4,6262,healthstone,Shadowbaine,1
MzDx9yd6jJC2cLq4,6262,healthstone,Brian,3
MzDx9yd6jJC2cLq4,6262,healthstone,Psychodruid,2
MzDx9yd6jJC2cLq4,6262,healthstone,Pulsè,5
MzDx9yd6jJC2cLq4,6262,healthstone,Metonymy,2
MzDx9yd6jJC2cLq4,6262,healthstone,Vaelyra,1
MzDx9yd6jJC2cLq4,6262,healthstone,Shallowfall,5
MzDx9yd6jJC2cLq4,6262,healthstone,Divanance,2
MzDx9yd6jJC2cLq4,6262,healthstone,Stradivarus,3
MzDx9yd6jJC2cLq4,6262,healthstone,Radiantldeal,1
MzDx9yd6jJC2cLq4,6262,healthstone,Mythrose,4
MzDx9yd6jJC2cLq4,6262,healthstone,Ayriea,3
NqA6xHdt9CbJkcj7,6262,healthstone,Znoch,1
NqA6xHdt9CbJkcj7,6262,healthstone,Cagliostro,1
NqA6xHdt9CbJkcj7,6262,healthstone,Ayriea,1
NqA6xHdt9CbJkcj7,6262,healthstone,Googboog,1
nRG1BJmD6fhC2vNq,6262,healthstone,Shadowbaine,6
nRG1BJmD6fhC2vNq,6262,healthstone,Tawñ,10
nRG1BJmD6fhC2vNq,6262,healthstone,Eleint,9
nRG1BJmD6fhC2vNq,6262,healthstone,Ayriea,7
nRG1BJmD6fhC2vNq,6262,healthstone,Petrol,2
nRG1BJmD6fhC2vNq,6262,healthstone,Velsummers,10
nRG1BJmD6fhC2vNq,6262,healthstone,Metonymy,6
nRG1BJmD6fhC2vNq,6262,healthstone,Radiantldeal,10
nRG1BJmD6fhC2vNq,6262,healthstone,Divanance,2
nRG1BJmD6fhC2vNq,6262,healthstone,Acturus,9
nRG1BJmD6fhC2vNq,6262,healthstone,Illestra,15
nRG1BJmD6fhC2vNq,6262,healthstone,Shaami,3
nRG1BJmD6fhC2vNq,6262,healthstone,Mythrose,12
nRG1BJmD6fhC2vNq,6262,healthstone,Brian,17
nRG1BJmD6fhC2vNq,6262,healthstone,Cagliostro,8
nRG1BJmD6fhC2vNq,6262,healthstone,Earrl,14
nRG1BJmD6fhC2vNq,6262,healthstone,Psychodruid,6
nRG1BJmD6fhC2vNq,6262,healthstone,Vaelyra,1
nRG1BJmD6fhC2vNq,6262,healthstone,Velryssa,2
P6jqnm2cH7vxJdkY,6262,healthstone,Brianmurican,4
P6jqnm2cH7vxJdkY,6262,healthstone,Psychodruid,3
P6jqnm2cH7vxJdkY,6262,healthstone,Metonymy,2
P6jqnm2cH7vxJdkY,6262,healthstone,Cagliostro,5
P6jqnm2cH7vxJdkY,6262,healthstone,Mythrose,4
P6jqnm2cH7vxJdkY,6262,healthstone,Shallowfall,2
P6jqnm2cH7vxJdkY,6262,healthstone,Kamer,6
P6jqnm2cH7vxJdkY,6262,healthstone,Ayriea,3
P6jqnm2cH7vxJdkY,6262,healthstone,Shadowbaine,4
P6jqnm2cH7vxJdkY,6262,healthstone,Radiantldeal,3
P6jqnm2cH7vxJdkY,6262,healthstone,Googboog,6
P6jqnm2cH7vxJdkY,6262,healthstone,Znoch,6
P6jqnm2cH7vxJdkY,6262,healthstone,Au,3
pq2NwZ4KhVtYjnzy,6262,healthstone,Vaelyra,1
pq2NwZ4KhVtYjnzy,6262,healthstone,Shallowfall,1
pq2NwZ4KhVtYjnzy,6262,healthstone,Brian,1
pq2NwZ4KhVtYjnzy,6262,healthstone,Future,1
Q47z3KZ29tfGxCDW,6262,healthstone,Pulsè,9
Q47z3KZ29tfGxCDW,6262,healthstone,Daffy,7
Q47z3KZ29tfGxCDW,6262,healthstone,Velryssa,1
Q47z3KZ29tfGxCDW,6262,healthstone,Future,12
Q47z3KZ29tfGxCDW,6262,healthstone,Ayriea,8
Q47z3KZ29tfGxCDW,6262,healthstone,Psychodruid,5
Q47z3KZ29tfGxCDW,6262,healthstone,Vaelyra,1
Q47z3KZ29tfGxCDW,6262,healthstone,Stradivarus,11
Q47z3KZ29tfGxCDW,6262,healthstone,Shadowbaine,8
Q47z3KZ29tfGxCDW,6262,healthstone,Metonymy,4
Q47z3KZ29tfGxCDW,6262,healthstone,Tinytiki,3
Q47z3KZ29tfGxCDW,6262,healthstone,Cagliostro,9
Q47z3KZ29tfGxCDW,6262,healthstone,Èllipses,5
Q47z3KZ29tfGxCDW,6262,healthstone,Petrol,2
Q47z3KZ29tfGxCDW,6262,healthstone,Earrl,3
Q47z3KZ29tfGxCDW,6262,healthstone,Mythrose,4
Q47z3KZ29tfGxCDW,6262,healthstone,Brian,13
Q47z3KZ29tfGxCDW,6262,healthstone,Divanance,5
Qn4HJycG2TxPKNbY,6262,healthstone,Shallowfall,3
Qn4HJycG2TxPKNbY,6262,healthstone,Future,8
Qn4HJycG2TxPKNbY,6262,healthstone,Mythrose,12
Qn4HJycG2TxPKNbY,6262,healthstone,Brian,10
Qn4HJycG2TxPKNbY,6262,healthstone,Petrol,3
Qn4HJycG2TxPKNbY,6262,healthstone,Vaelyra,1
Qn4HJycG2TxPKNbY,6262,healthstone,Velryssa,3
Qn4HJycG2TxPKNbY,6262,healthstone,Daffy,6
Qn4HJycG2TxPKNbY,6262,healthstone,Radiantldeal,2
Qn4HJycG2TxPKNbY,6262,healthstone,Tinytiki,4
Qn4HJycG2TxPKNbY,6262,healthstone,Metonymy,4
Qn4HJycG2TxPKNbY,6262,healthstone,Divanance,5
Qn4HJycG2TxPKNbY,6262,healthstone,Cagliostro,6
Qn4HJycG2TxPKNbY,6262,healthstone,Èllipses,5
Qn4HJycG2TxPKNbY,6262,healthstone,Stradivarus,7
Qn4HJycG2TxPKNbY,6262,healthstone,Shadowbaine,9
Qn4HJycG2TxPKNbY,6262,healthstone,Earrl,3
Qn4HJycG2TxPKNbY,6262,healthstone,Ayriea,10
qRpvXcKG6NAaDCJ4,6262,healthstone,Vaelyra,1
qRpvXcKG6NAaDCJ4,6262,healthstone,Eleint,8
qRpvXcKG6NAaDCJ4,6262,healthstone,Acturus,9
qRpvXcKG6NAaDCJ4,6262,healthstone,Illestra,11
qRpvXcKG6NAaDCJ4,6262,healthstone,Shadowbaine,6
qRpvXcKG6NAaDCJ4,6262,healthstone,Cagliostro,10
qRpvXcKG6NAaDCJ4,6262,healthstone,Tawñ,9
qRpvXcKG6NAaDCJ4,6262,healthstone,Metonymy,8
qRpvXcKG6NAaDCJ4,6262,healthstone,Daffy,5
qRpvXcKG6NAaDCJ4,6262,healthstone,Radiantldeal,2
qRpvXcKG6NAaDCJ4,6262,healthstone,Divanance,2
qRpvXcKG6NAaDCJ4,6262,healthstone,Tinytiki,2
qRpvXcKG6NAaDCJ4,6262,healthstone,Brian,14
qRpvXcKG6NAaDCJ4,6262,healthstone,Earrl,5
qRpvXcKG6NAaDCJ4,6262,healthstone,Ayriea,6
qRpvXcKG6NAaDCJ4,6262,healthstone,Petrol,7
qRpvXcKG6NAaDCJ4,6262,healthstone,Velsummers,6
qRpvXcKG6NAaDCJ4,6262,healthstone,Psychodruid,5
qRpvXcKG6NAaDCJ4,6262,healthstone,Velryssa,3
qRpvXcKG6NAaDCJ4,6262,healthstone,Shaami,1
QVtkP4q3T2bLcZKJ,6262,healthstone,Cagliostro,2
QVtkP4q3T2bLcZKJ,6262,healthstone,Stradivarus,3
QVtkP4q3T2bLcZKJ,6262,healthstone,Mythrose,3
QVtkP4q3T2bLcZKJ,6262,healthstone,Shallowfall,3
QVtkP4q3T2bLcZKJ,6262,healthstone,Metonymy,3
QVtkP4q3T2bLcZKJ,6262,healthstone,Ayriea,8
QVtkP4q3T2bLcZKJ,6262,healthstone,Èllipses,2
QVtkP4q3T2bLcZKJ,6262,healthstone,Shadowbaine,2
QVtkP4q3T2bLcZKJ,6262,healthstone,Earrl,1
QVtkP4q3T2bLcZKJ,6262,healthstone,Brian,7
QVtkP4q3T2bLcZKJ,6262,healthstone,Au,11
QVtkP4q3T2bLcZKJ,6262,healthstone,Pulsè,5
QVtkP4q3T2bLcZKJ,6262,healthstone,Future,3
r1N7Taq3bDZPc6pm,6262,healthstone,Radiantldeal,4
r1N7Taq3bDZPc6pm,6262,healthstone,Daffy,5
r1N7Taq3bDZPc6pm,6262,healthstone,Shadowbaine,2
r1N7Taq3bDZPc6pm,6262,healthstone,Metonymy,2
r1N7Taq3bDZPc6pm,6262,healthstone,Divanance,1
r1N7Taq3bDZPc6pm,6262,healthstone,Brian,6
r1N7Taq3bDZPc6pm,6262,healthstone,Velryssa,2
r1N7Taq3bDZPc6pm,6262,healthstone,Cagliostro,2
r1N7Taq3bDZPc6pm,6262,healthstone,Petrol,1
r1N7Taq3bDZPc6pm,6262,healthstone,Stradivarus,3
r1N7Taq3bDZPc6pm,6262,healthstone,Ayriea,6
r1N7Taq3bDZPc6pm,6262,healthstone,Èllipses,1
r1N7Taq3bDZPc6pm,6262,healthstone,Mythrose,9
R8kzbqTcYv4tw7rB,6262,healthstone,Earrl,3
R8kzbqTcYv4tw7rB,6262,healthstone,Kamer,2
R8kzbqTcYv4tw7rB,6262,healthstone,Tawñ,2
R8kzbqTcYv4tw7rB,6262,healthstone,Shallowfall,2
R8kzbqTcYv4tw7rB,6262,healthstone,Velryssa,1
R8kzbqTcYv4tw7rB,6262,healthstone,Divanance,4
R8kzbqTcYv4tw7rB,6262,healthstone,Psychodruid,3
R8kzbqTcYv4tw7rB,6262,healthstone,Shadowbaine,2
R8kzbqTcYv4tw7rB,6262,healthstone,Brian,4
R8kzbqTcYv4tw7rB,6262,healthstone,Daffy,5
R8kzbqTcYv4tw7rB,6262,healthstone,Cagliostro,5
R8kzbqTcYv4tw7rB,6262,healthstone,Metonymy,1
R8kzbqTcYv4tw7rB,6262,healthstone,Petrol,1
R8kzbqTcYv4tw7rB,6262,healthstone,Radiantldeal,5
R8kzbqTcYv4tw7rB,6262,healthstone,Mythrose,2
rHCXbP8aVj72DQAY,6262,healthstone,Tawñ,12
rHCXbP8aVj72DQAY,6262,healthstone,Acturus,8
rHCXbP8aVj72DQAY,6262,healthstone,Metonymy,1
rHCXbP8aVj72DQAY,6262,healthstone,Eleint,10
rHCXbP8aVj72DQAY,6262,healthstone,Shaami,1
rHCXbP8aVj72DQAY,6262,healthstone,Divanance,4
rHCXbP8aVj72DQAY,6262,healthstone,Mythrose,11
rHCXbP8aVj72DQAY,6262,healthstone,Stradivarus,11
rHCXbP8aVj72DQAY,6262,healthstone,Shadowbaine,3
rHCXbP8aVj72DQAY,6262,healthstone,Earrl,1
rHCXbP8aVj72DQAY,6262,healthstone,Petrol,4
rHCXbP8aVj72DQAY,6262,healthstone,Velsummers,7
rHCXbP8aVj72DQAY,6262,healthstone,Radiantldeal,11
rHCXbP8aVj72DQAY,6262,healthstone,Ayriea,8
rHCXbP8aVj72DQAY,6262,healthstone,Illestra,11
rHCXbP8aVj72DQAY,6262,healthstone,Velryssa,2
rHCXbP8aVj72DQAY,6262,healthstone,Kamer,5
rHCXbP8aVj72DQAY,6262,healthstone,Shallowfall,8
rHCXbP8aVj72DQAY,6262,healthstone,Brian,12
Rj3FnwW2gQ1YTVmz,6262,healthstone,Shallowfall,6
Rj3FnwW2gQ1YTVmz,6262,healthstone,Au,11
Rj3FnwW2gQ1YTVmz,6262,healthstone,Èllipses,9
Rj3FnwW2gQ1YTVmz,6262,healthstone,Vaelyra,2
Rj3FnwW2gQ1YTVmz,6262,healthstone,Mythrose,5
Rj3FnwW2gQ1YTVmz,6262,healthstone,Metonymy,4
Rj3FnwW2gQ1YTVmz,6262,healthstone,Psychodruid,2
Rj3FnwW2gQ1YTVmz,6262,healthstone,Shadowbaine,3
Rj3FnwW2gQ1YTVmz,6262,healthstone,Tinytiki,1
Rj3FnwW2gQ1YTVmz,6262,healthstone,Petrol,2
Rj3FnwW2gQ1YTVmz,6262,healthstone,Kamer,3
Rj3FnwW2gQ1YTVmz,6262,healthstone,Cagliostro,4
Rj3FnwW2gQ1YTVmz,6262,healthstone,Brian,8
Rj3FnwW2gQ1YTVmz,6262,healthstone,Radiantldeal,5
Rj3FnwW2gQ1YTVmz,6262,healthstone,Ayriea,3
rPAC63nfxBZHQJW9,6262,healthstone,Velryssa,1
rPAC63nfxBZHQJW9,6262,healthstone,Cagliostro,2
rPAC63nfxBZHQJW9,6262,healthstone,Shadowbaine,3
rPAC63nfxBZHQJW9,6262,healthstone,Metonymy,3
rPAC63nfxBZHQJW9,6262,healthstone,Znoch,5
rPAC63nfxBZHQJW9,6262,healthstone,Au,4
rPAC63nfxBZHQJW9,6262,healthstone,Radiantldeal,1
rPAC63nfxBZHQJW9,6262,healthstone,Ayriea,4
rPAC63nfxBZHQJW9,6262,healthstone,Brian,5
rPAC63nfxBZHQJW9,6262,healthstone,Kamer,4
rPAC63nfxBZHQJW9,6262,healthstone,Acturus,1
rPAC63nfxBZHQJW9,6262,healthstone,Bryiah,1
rPAC63nfxBZHQJW9,6262,healthstone,Èllipses,3
TG7vH2QpFA3KjcNz,6262,healthstone,Mythrose,3
TG7vH2QpFA3KjcNz,6262,healthstone,Ayriea,7
TG7vH2QpFA3KjcNz,6262,healthstone,Znoch,10
TG7vH2QpFA3KjcNz,6262,healthstone,Brianmurican,8
TG7vH2QpFA3KjcNz,6262,healthstone,Googboog,8
TG7vH2QpFA3KjcNz,6262,healthstone,Cagliostro,9
TG7vH2QpFA3KjcNz,6262,healthstone,Shadowbaine,2
TG7vH2QpFA3KjcNz,6262,healthstone,Psychodruid,5
TG7vH2QpFA3KjcNz,6262,healthstone,Vaelyra,6
TG7vH2QpFA3KjcNz,6262,healthstone,Radiantldeal,5
TG7vH2QpFA3KjcNz,6262,healthstone,Velryssa,1
TG7vH2QpFA3KjcNz,6262,healthstone,Metonymy,3
TG7vH2QpFA3KjcNz,6262,healthstone,Shallowfall,5
TG7vH2QpFA3KjcNz,6262,healthstone,Illestra,1
TJPXdVcafZ49tLGm,6262,healthstone,Shallowfall,7
TJPXdVcafZ49tLGm,6262,healthstone,Petrol,1
TJPXdVcafZ49tLGm,6262,healthstone,Ayriea,7
TJPXdVcafZ49tLGm,6262,healthstone,Kyarrix,1
TJPXdVcafZ49tLGm,6262,healthstone,Psychodruid,1
TJPXdVcafZ49tLGm,6262,healthstone,Vaelyra,4
TJPXdVcafZ49tLGm,6262,healthstone,Metonymy,5
TJPXdVcafZ49tLGm,6262,healthstone,Znoch,7
TJPXdVcafZ49tLGm,6262,healthstone,Shadowbaine,5
TJPXdVcafZ49tLGm,6262,healthstone,Mythrose,7
TJPXdVcafZ49tLGm,6262,healthstone,Èllipses,8
TJPXdVcafZ49tLGm,6262,healthstone,Cagliostro,3
TJPXdVcafZ49tLGm,6262,healthstone,Brian,6
TJPXdVcafZ49tLGm,6262,healthstone,Au,8
TJPXdVcafZ49tLGm,6262,healthstone,Radiantldeal,3
TJPXdVcafZ49tLGm,6262,healthstone,Earrl,1
TJPXdVcafZ49tLGm,6262,healthstone,Kamer,3
TJPXdVcafZ49tLGm,6262,healthstone,Velryssa,1
TmqQ4gPRGWB3MXJj,6262,healthstone,Metonymy,3
TmqQ4gPRGWB3MXJj,6262,healthstone,Brian,6
TmqQ4gPRGWB3MXJj,6262,healthstone,Ayriea,2
TmqQ4gPRGWB3MXJj,6262,healthstone,Au,3
TmqQ4gPRGWB3MXJj,6262,healthstone,Vaelyra,3
TmqQ4gPRGWB3MXJj,6262,healthstone,Cagliostro,5
TmqQ4gPRGWB3MXJj,6262,healthstone,Mythrose,3
TmqQ4gPRGWB3MXJj,6262,healthstone,Kamer,3
TmqQ4gPRGWB3MXJj,6262,healthstone,Psychodruid,3
TmqQ4gPRGWB3MXJj,6262,healthstone,Future,6
TmqQ4gPRGWB3MXJj,6262,healthstone,Shadowbaine,3
TmqQ4gPRGWB3MXJj,6262,healthstone,Tinytiki,4
TmqQ4gPRGWB3MXJj,6262,healthstone,Radiantldeal,3
tnmFjCNGXJgVZYTz,6262,healthstone,Acturus,10
tnmFjCNGXJgVZYTz,6262,healthstone,Kamer,6
tnmFjCNGXJgVZYTz,6262,healthstone,Radiantldeal,1
tnmFjCNGXJgVZYTz,6262,healthstone,Shadowbaine,4
tnmFjCNGXJgVZYTz,6262,healthstone,Psychodruid,6
tnmFjCNGXJgVZYTz,6262,healthstone,Tawñ,10
tnmFjCNGXJgVZYTz,6262,healthstone,Tinytiki,1
tnmFjCNGXJgVZYTz,6262,healthstone,Brian,11
tnmFjCNGXJgVZYTz,6262,healthstone,Earrl,3
tnmFjCNGXJgVZYTz,6262,healthstone,Petrol,5
tnmFjCNGXJgVZYTz,6262,healthstone,Metonymy,5
tnmFjCNGXJgVZYTz,6262,healthstone,Ayriea,7
tnmFjCNGXJgVZYTz,6262,healthstone,Velryssa,1
tnmFjCNGXJgVZYTz,6262,healthstone,Velsummers,11
tnmFjCNGXJgVZYTz,6262,healthstone,Divanance,1
tnmFjCNGXJgVZYTz,6262,healthstone,Shallowfall,6
tnmFjCNGXJgVZYTz,6262,healthstone,Cagliostro,8
tnmFjCNGXJgVZYTz,6262,healthstone,Mythrose,12
tnmFjCNGXJgVZYTz,6262,healthstone,Illestra,12
Tvrh8BgQL6y2qPza,6262,healthstone,Velryssa,2
Tvrh8BgQL6y2qPza,6262,healthstone,Tawñ,11
Tvrh8BgQL6y2qPza,6262,healthstone,Shadowbaine,9
Tvrh8BgQL6y2qPza,6262,healthstone,Metonymy,7
Tvrh8BgQL6y2qPza,6262,healthstone,Eleint,7
Tvrh8BgQL6y2qPza,6262,healthstone,Psychodruid,8
Tvrh8BgQL6y2qPza,6262,healthstone,Ayriea,10
Tvrh8BgQL6y2qPza,6262,healthstone,Shaami,4
Tvrh8BgQL6y2qPza,6262,healthstone,Brian,15
Tvrh8BgQL6y2qPza,6262,healthstone,Petrol,5
Tvrh8BgQL6y2qPza,6262,healthstone,Velsummers,3
Tvrh8BgQL6y2qPza,6262,healthstone,Mythrose,6
Tvrh8BgQL6y2qPza,6262,healthstone,Acturus,12
Tvrh8BgQL6y2qPza,6262,healthstone,Illestra,14
Tvrh8BgQL6y2qPza,6262,healthstone,Cagliostro,7
Tvrh8BgQL6y2qPza,6262,healthstone,Radiantldeal,4
tZQFbvABVh9rfDHq,6262,healthstone,Ayriea,9
tZQFbvABVh9rfDHq,6262,healthstone,Mythrose,10
tZQFbvABVh9rfDHq,6262,healthstone,Shallowfall,3
tZQFbvABVh9rfDHq,6262,healthstone,Au,11
tZQFbvABVh9rfDHq,6262,healthstone,Stradivarus,5
tZQFbvABVh9rfDHq,6262,healthstone,Psychodruid,3
tZQFbvABVh9rfDHq,6262,healthstone,Divanance,4
tZQFbvABVh9rfDHq,6262,healthstone,Daffy,6
tZQFbvABVh9rfDHq,6262,healthstone,Petrol,9
tZQFbvABVh9rfDHq,6262,healthstone,Radiantldeal,1
tZQFbvABVh9rfDHq,6262,healthstone,Brian,12
tZQFbvABVh9rfDHq,6262,healthstone,Earrl,1
tZQFbvABVh9rfDHq,6262,healthstone,Metonymy,2
tZQFbvABVh9rfDHq,6262,healthstone,Future,5
tZQFbvABVh9rfDHq,6262,healthstone,Cagliostro,5
tZQFbvABVh9rfDHq,6262,healthstone,Shadowbaine,7
v4aXQJrC3W6ybj9Y,6262,healthstone,Future,3
v4aXQJrC3W6ybj9Y,6262,healthstone,Ayriea,1
v4aXQJrC3W6ybj9Y,6262,healthstone,Acturus,3
v4aXQJrC3W6ybj9Y,6262,healthstone,Psychodruid,4
v4aXQJrC3W6ybj9Y,6262,healthstone,Mythrose,7
v4aXQJrC3W6ybj9Y,6262,healthstone,Brian,4
v4aXQJrC3W6ybj9Y,6262,healthstone,Stradivarus,5
v4aXQJrC3W6ybj9Y,6262,healthstone,Cagliostro,4
v4aXQJrC3W6ybj9Y,6262,healthstone,Shallowfall,3
v4aXQJrC3W6ybj9Y,6262,healthstone,Shadowbaine,5
v4aXQJrC3W6ybj9Y,6262,healthstone,Divanance,3
v4aXQJrC3W6ybj9Y,6262,healthstone,Pulsè,3
VhmB61LqvrRQPFwJ,6262,healthstone,Shaami,2
VhmB61LqvrRQPFwJ,6262,healthstone,Petrol,1
VhmB61LqvrRQPFwJ,6262,healthstone,Cagliostro,7
VhmB61LqvrRQPFwJ,6262,healthstone,Brian,16
VhmB61LqvrRQPFwJ,6262,healthstone,Earrl,1
VhmB61LqvrRQPFwJ,6262,healthstone,Divanance,2
VhmB61LqvrRQPFwJ,6262,healthstone,Psychodruid,11
VhmB61LqvrRQPFwJ,6262,healthstone,Metonymy,4
VhmB61LqvrRQPFwJ,6262,healthstone,Velsummers,14
VhmB61LqvrRQPFwJ,6262,healthstone,Stradivarus,12
VhmB61LqvrRQPFwJ,6262,healthstone,Ayriea,6
VhmB61LqvrRQPFwJ,6262,healthstone,Mythrose,15
VhmB61LqvrRQPFwJ,6262,healthstone,Shadowbaine,12
VhmB61LqvrRQPFwJ,6262,healthstone,Illestra,14
VhmB61LqvrRQPFwJ,6262,healthstone,Tawñ,10
VhmB61LqvrRQPFwJ,6262,healthstone,Radiantldeal,3
VhmB61LqvrRQPFwJ,6262,healthstone,Acturus,10
VhmB61LqvrRQPFwJ,6262,healthstone,Velryssa,4
vhr9WzGRXyqtCx4F,6262,healthstone,Shallowfall,9
vhr9WzGRXyqtCx4F,6262,healthstone,Divanance,4
vhr9WzGRXyqtCx4F,6262,healthstone,Brian,12
vhr9WzGRXyqtCx4F,6262,healthstone,Èllipses,3
vhr9WzGRXyqtCx4F,6262,healthstone,Kamer,1
vhr9WzGRXyqtCx4F,6262,healthstone,Future,10
vhr9WzGRXyqtCx4F,6262,healthstone,Stradivarus,4
vhr9WzGRXyqtCx4F,6262,healthstone,Tinytiki,2
vhr9WzGRXyqtCx4F,6262,healthstone,Petrol,7
vhr9WzGRXyqtCx4F,6262,healthstone,Mythrose,9
vhr9WzGRXyqtCx4F,6262,healthstone,Psychodruid,1
vhr9WzGRXyqtCx4F,6262,healthstone,Velryssa,2
vhr9WzGRXyqtCx4F,6262,healthstone,Daffy,12
vhr9WzGRXyqtCx4F,6262,healthstone,Metonymy,3
vhr9WzGRXyqtCx4F,6262,healthstone,Cagliostro,5
vhr9WzGRXyqtCx4F,6262,healthstone,Ayriea,10
vhr9WzGRXyqtCx4F,6262,healthstone,Shadowbaine,3
vVjYPmq6kxZtGDXA,6262,healthstone,Kamer,3
vVjYPmq6kxZtGDXA,6262,healthstone,Ayriea,2
vVjYPmq6kxZtGDXA,6262,healthstone,Shallowfall,2
vVjYPmq6kxZtGDXA,6262,healthstone,Psychodruid,1
vVjYPmq6kxZtGDXA,6262,healthstone,Mythrose,13
vVjYPmq6kxZtGDXA,6262,healthstone,Brian,8
vVjYPmq6kxZtGDXA,6262,healthstone,Petrol,2
vVjYPmq6kxZtGDXA,6262,healthstone,Daffy,6
vVjYPmq6kxZtGDXA,6262,healthstone,Èllipses,3
vVjYPmq6kxZtGDXA,6262,healthstone,Stradivarus,7
vVjYPmq6kxZtGDXA,6262,healthstone,Shadowbaine,2
Vx3ncMyNvF1HGjrR,6262,healthstone,Divanance,2
Vx3ncMyNvF1HGjrR,6262,healthstone,Metonymy,4
Vx3ncMyNvF1HGjrR,6262,healthstone,Cagliostro,7
Vx3ncMyNvF1HGjrR,6262,healthstone,Ayriea,11
Vx3ncMyNvF1HGjrR,6262,healthstone,Psychodruid,1
Vx3ncMyNvF1HGjrR,6262,healthstone,Mythrose,7
Vx3ncMyNvF1HGjrR,6262,healthstone,Radiantldeal,2
Vx3ncMyNvF1HGjrR,6262,healthstone,Petrol,6
Vx3ncMyNvF1HGjrR,6262,healthstone,Stradivarus,5
Vx3ncMyNvF1HGjrR,6262,healthstone,Shadowbaine,4
Vx3ncMyNvF1HGjrR,6262,healthstone,Vaelyra,1
Vx3ncMyNvF1HGjrR,6262,healthstone,Èllipses,3
Vx3ncMyNvF1HGjrR,6262,healthstone,Brian,18
Vx3ncMyNvF1HGjrR,6262,healthstone,Velryssa,5
Vx3ncMyNvF1HGjrR,6262,healthstone,Earrl,2
Vx3ncMyNvF1HGjrR,6262,healthstone,Future,9
Vx3ncMyNvF1HGjrR,6262,healthstone,Au,12
Vx3ncMyNvF1HGjrR,6262,healthstone,Shallowfall,5
Vx3ncMyNvF1HGjrR,6262,healthstone,Kamer,3
vYDj1qQgcXWdmTnF,6262,healthstone,Petrol,1
vYDj1qQgcXWdmTnF,6262,healthstone,Ayriea,10
vYDj1qQgcXWdmTnF,6262,healthstone,Shadowbaine,7
vYDj1qQgcXWdmTnF,6262,healthstone,Vaelyra,2
vYDj1qQgcXWdmTnF,6262,healthstone,Au,16
vYDj1qQgcXWdmTnF,6262,healthstone,Mythrose,10
vYDj1qQgcXWdmTnF,6262,healthstone,Èllipses,4
vYDj1qQgcXWdmTnF,6262,healthstone,Velryssa,1
vYDj1qQgcXWdmTnF,6262,healthstone,Future,7
vYDj1qQgcXWdmTnF,6262,healthstone,Undertakerop,2
vYDj1qQgcXWdmTnF,6262,healthstone,Brian,9
vYDj1qQgcXWdmTnF,6262,healthstone,Pulsè,5
vYDj1qQgcXWdmTnF,6262,healthstone,Daffy,5
vYDj1qQgcXWdmTnF,6262,healthstone,Shallowfall,4
vYDj1qQgcXWdmTnF,6262,healthstone,Cagliostro,6
vYDj1qQgcXWdmTnF,6262,healthstone,Stradivarus,2
Wc18VDX9wQ62hTjy,6262,healthstone,Cinzia,3
Wc18VDX9wQ62hTjy,6262,healthstone,Psychodruid,9
Wc18VDX9wQ62hTjy,6262,healthstone,Shallowfall,3
Wc18VDX9wQ62hTjy,6262,healthstone,Vaelyra,1
Wc18VDX9wQ62hTjy,6262,healthstone,Mythrose,3
Wc18VDX9wQ62hTjy,6262,healthstone,Elzam,8
Wc18VDX9wQ62hTjy,6262,healthstone,Ayriea,3
Wc18VDX9wQ62hTjy,6262,healthstone,Brianmurican,12
Wc18VDX9wQ62hTjy,6262,healthstone,Earrl,1
Wc18VDX9wQ62hTjy,6262,healthstone,Shadowbaine,1
Wc18VDX9wQ62hTjy,6262,healthstone,Znoch,9
Wc18VDX9wQ62hTjy,6262,healthstone,Googboog,6
Wc18VDX9wQ62hTjy,6262,healthstone,Radiantldeal,8
Wc18VDX9wQ62hTjy,6262,healthstone,Kamer,1
wdMvj2PVnQzafTYx,6262,healthstone,Psychodruid,3
wdMvj2PVnQzafTYx,6262,healthstone,Radiantldeal,4
wdMvj2PVnQzafTYx,6262,healthstone,Shallowfall,3
wdMvj2PVnQzafTYx,6262,healthstone,Mythrose,7
wdMvj2PVnQzafTYx,6262,healthstone,Tawñ,7
wdMvj2PVnQzafTYx,6262,healthstone,Petrol,7
wdMvj2PVnQzafTYx,6262,healthstone,Earrl,4
wdMvj2PVnQzafTYx,6262,healthstone,Daffy,10
wdMvj2PVnQzafTYx,6262,healthstone,Kamer,4
wdMvj2PVnQzafTYx,6262,healthstone,Metonymy,8
wdMvj2PVnQzafTYx,6262,healthstone,Cagliostro,8
wdMvj2PVnQzafTYx,6262,healthstone,Ayriea,9
wdMvj2PVnQzafTYx,6262,healthstone,Brian,11
WQHTpVLXJh2k9vnb,6262,healthstone,Petrol,6
WQHTpVLXJh2k9vnb,6262,healthstone,Shallowfall,6
WQHTpVLXJh2k9vnb,6262,healthstone,Mythrose,10
WQHTpVLXJh2k9vnb,6262,healthstone,Earrl,1
WQHTpVLXJh2k9vnb,6262,healthstone,Pulsè,1
WQHTpVLXJh2k9vnb,6262,healthstone,Future,4
WQHTpVLXJh2k9vnb,6262,healthstone,Stradivarus,6
WQHTpVLXJh2k9vnb,6262,healthstone,Psychodruid,2
WQHTpVLXJh2k9vnb,6262,healthstone,Ayriea,6
WQHTpVLXJh2k9vnb,6262,healthstone,Brian,7
WQHTpVLXJh2k9vnb,6262,healthstone,Velryssa,5
WQHTpVLXJh2k9vnb,6262,healthstone,Divanance,3
WQHTpVLXJh2k9vnb,6262,healthstone,Èllipses,3
WQHTpVLXJh2k9vnb,6262,healthstone,Daffy,6
WQHTpVLXJh2k9vnb,6262,healthstone,Au,12
WQHTpVLXJh2k9vnb,6262,healthstone,Radiantldeal,1
WQHTpVLXJh2k9vnb,6262,healthstone,Metonymy,1
wx2k1RqpdjGD6cPy,6262,healthstone,Stradivarus,1
wx2k1RqpdjGD6cPy,6262,healthstone,Pulsè,1
wx2k1RqpdjGD6cPy,6262,healthstone,Mythrose,2
wx2k1RqpdjGD6cPy,6262,healthstone,Brian,1
wx2k1RqpdjGD6cPy,6262,healthstone,Shallowfall,1
wx2k1RqpdjGD6cPy,6262,healthstone,Èllipses,2
wXkPMTryhbtWa2mD,6262,healthstone,Cagliostro,1
wXkPMTryhbtWa2mD,6262,healthstone,Pulsè,5
wXkPMTryhbtWa2mD,6262,healthstone,Acturus,2
wXkPMTryhbtWa2mD,6262,healthstone,Petrol,2
wXkPMTryhbtWa2mD,6262,healthstone,Tinytiki,1
wXkPMTryhbtWa2mD,6262,healthstone,Future,4
wXkPMTryhbtWa2mD,6262,healthstone,Shadowbaine,3
wXkPMTryhbtWa2mD,6262,healthstone,Au,11
wXkPMTryhbtWa2mD,6262,healthstone,Shallowfall,6
wXkPMTryhbtWa2mD,6262,healthstone,Psychodruid,1
wXkPMTryhbtWa2mD,6262,healthstone,Mythrose,3
wXkPMTryhbtWa2mD,6262,healthstone,Ayriea,2
wXkPMTryhbtWa2mD,6262,healthstone,Èllipses,2
wXkPMTryhbtWa2mD,6262,healthstone,Stradivarus,2
wXkPMTryhbtWa2mD,6262,healthstone,Radiantldeal,1
wXkPMTryhbtWa2mD,6262,healthstone,Metonymy,1
wXkPMTryhbtWa2mD,6262,healthstone,Brian,2
YAgt1chwGkD2jfXW,6262,healthstone,Shallowfall,10
YAgt1chwGkD2jfXW,6262,healthstone,Èllipses,10
YAgt1chwGkD2jfXW,6262,healthstone,Radiantldeal,5
YAgt1chwGkD2jfXW,6262,healthstone,Shadowbaine,7
YAgt1chwGkD2jfXW,6262,healthstone,Mythrose,4
YAgt1chwGkD2jfXW,6262,healthstone,Cagliostro,8
YAgt1chwGkD2jfXW,6262,healthstone,Vaelyra,6
YAgt1chwGkD2jfXW,6262,healthstone,Psychodruid,4
YAgt1chwGkD2jfXW,6262,healthstone,Ayriea,3
YAgt1chwGkD2jfXW,6262,healthstone,Metonymy,5
YAgt1chwGkD2jfXW,6262,healthstone,Brian,6
YAgt1chwGkD2jfXW,6262,healthstone,Znoch,8
YAgt1chwGkD2jfXW,6262,healthstone,Au,13
YAgt1chwGkD2jfXW,6262,healthstone,Velryssa,2
YAgt1chwGkD2jfXW,6262,healthstone,Petrol,1
YfRzFdBAv9aGjCVX,6262,healthstone,Au,6
YfRzFdBAv9aGjCVX,6262,healthstone,Cagliostro,1
YfRzFdBAv9aGjCVX,6262,healthstone,Mythrose,3
YfRzFdBAv9aGjCVX,6262,healthstone,Ayriea,2
YfRzFdBAv9aGjCVX,6262,healthstone,Psychodruid,1
YfRzFdBAv9aGjCVX,6262,healthstone,Illestra,1
YfRzFdBAv9aGjCVX,6262,healthstone,Brian,7
YfRzFdBAv9aGjCVX,6262,healthstone,Tinytiki,1
YfRzFdBAv9aGjCVX,6262,healthstone,Future,4
YfRzFdBAv9aGjCVX,6262,healthstone,Pulsè,3
YfRzFdBAv9aGjCVX,6262,healthstone,Shadowbaine,3
YfRzFdBAv9aGjCVX,6262,healthstone,Shallowfall,2
YfRzFdBAv9aGjCVX,6262,healthstone,Earrl,1
YfRzFdBAv9aGjCVX,6262,healthstone,Stradivarus,3
YfRzFdBAv9aGjCVX,6262,healthstone,Èllipses,6
YfRzFdBAv9aGjCVX,6262,healthstone,Petrol,1
YfRzFdBAv9aGjCVX,6262,healthstone,Metonymy,4
YfRzFdBAv9aGjCVX,6262,healthstone,Velryssa,2
YGa62MVkATCdL4Zp,6262,healthstone,Kamer,4
YGa62MVkATCdL4Zp,6262,healthstone,Psychodruid,2
YGa62MVkATCdL4Zp,6262,healthstone,Znoch,3
YGa62MVkATCdL4Zp,6262,healthstone,Googboog,6
YGa62MVkATCdL4Zp,6262,healthstone,Thebadlock,2
YGa62MVkATCdL4Zp,6262,healthstone,Mythrose,2
YGa62MVkATCdL4Zp,6262,healthstone,Shadowbaine,4
YGa62MVkATCdL4Zp,6262,healthstone,Mohgul,2
YGa62MVkATCdL4Zp,6262,healthstone,Metonymy,2
YGa62MVkATCdL4Zp,6262,healthstone,Ayriea,4
YGa62MVkATCdL4Zp,6262,healthstone,Cagliostro,5
YGa62MVkATCdL4Zp,6262,healthstone,Severos,1
YGa62MVkATCdL4Zp,6262,healthstone,Brianmurican,7
YGa62MVkATCdL4Zp,6262,healthstone,Au,10
YGa62MVkATCdL4Zp,6262,healthstone,Vaelyra,1
YGa62MVkATCdL4Zp,6262,healthstone,Radiantldeal,1
YGa62MVkATCdL4Zp,6262,healthstone,Shallowfall,5
YGa62MVkATCdL4Zp,6262,healthstone,Acturus,4
zapjvhB4HkRg2Ycw,6262,healthstone,Acturus,3
zapjvhB4HkRg2Ycw,6262,healthstone,Googboog,5
zapjvhB4HkRg2Ycw,6262,healthstone,Kamer,9
zapjvhB4HkRg2Ycw,6262,healthstone,Znoch,5
zapjvhB4HkRg2Ycw,6262,healthstone,Cagliostro,6
zapjvhB4HkRg2Ycw,6262,healthstone,Metonymy,1
zapjvhB4HkRg2Ycw,6262,healthstone,Radiantldeal,3
zapjvhB4HkRg2Ycw,6262,healthstone,Psychodruid,4
zapjvhB4HkRg2Ycw,6262,healthstone,Shadowbaine,5
zapjvhB4HkRg2Ycw,6262,healthstone,Brianmurican,3
zapjvhB4HkRg2Ycw,6262,healthstone,Ayriea,2
zapjvhB4HkRg2Ycw,6262,healthstone,Mythrose,2
zapjvhB4HkRg2Ycw,6262,healthstone,Cinzia,4
